path,step_number,step_sequence,step_value,path_sum,selected_endpoint_difference,sum_error,endpoint_invariance_pass
climate_first,1,CMUR×TERR → CMUR×CFOOT,-0.007936507936507922,0.5958485958485958,0.5958485958485958,0.0,True
climate_first,2,CMUR×CFOOT → DMC×CFOOT,0.38766788766788773,0.5958485958485958,0.5958485958485958,0.0,True
climate_first,3,DMC×CFOOT → RMC×CFOOT,0.21611721611721607,0.5958485958485958,0.5958485958485958,0.0,True
climate_between_material_steps,1,CMUR×TERR → DMC×TERR,0.3144078144078144,0.5958485958485958,0.5958485958485958,0.0,True
climate_between_material_steps,2,DMC×TERR → DMC×CFOOT,0.06532356532356537,0.5958485958485958,0.5958485958485958,0.0,True
climate_between_material_steps,3,DMC×CFOOT → RMC×CFOOT,0.21611721611721607,0.5958485958485958,0.5958485958485958,0.0,True
climate_last,1,CMUR×TERR → DMC×TERR,0.3144078144078144,0.5958485958485958,0.5958485958485958,0.0,True
climate_last,2,DMC×TERR → RMC×TERR,0.1300366300366299,0.5958485958485958,0.5958485958485958,0.0,True
climate_last,3,RMC×TERR → RMC×CFOOT,0.15140415140415153,0.5958485958485958,0.5958485958485958,0.0,True
