geo,representation,primary_progress_score,point_sign,current_rank,loyo_preserve_sign_n,loyo_reverse_sign_n,loyo_min_slope,loyo_max_slope,sign_stable_all_14
AT,CMUR,0.46197802197802196,POSITIVE_FAVORABLE,7.0,14,0,0.4276243093922777,0.49614809274492794,True
AT,DMC,0.007097422628061973,POSITIVE_FAVORABLE,11.0,14,0,0.005005700052277155,0.008619648280658324,True
AT,RMC,0.008482036489129513,POSITIVE_FAVORABLE,8.0,14,0,0.006203383920676203,0.010901632832642534,True
AT,TERR,0.017199226731731323,POSITIVE_FAVORABLE,17.0,14,0,0.014460169438591965,0.018190744929077525,True
AT,CFOOT,0.013970808105932809,POSITIVE_FAVORABLE,14.0,14,0,0.012498684245764715,0.016450124566848696,True
BE,CMUR,0.5338461538461537,POSITIVE_FAVORABLE,6.0,14,0,0.4719780219780222,0.646724546172038,True
BE,DMC,0.009791138573222192,POSITIVE_FAVORABLE,6.0,14,0,0.007836352263477227,0.011420756600889455,True
BE,RMC,0.01779476480303852,POSITIVE_FAVORABLE,4.0,14,0,0.011039109887310546,0.021648313400760236,True
BE,TERR,0.021827852211564462,POSITIVE_FAVORABLE,11.0,14,0,0.019697104434969557,0.02265183133017621,True
BE,CFOOT,0.020355282913145718,POSITIVE_FAVORABLE,8.0,14,0,0.01929663548695591,0.021532261987561602,True
BG,CMUR,0.21692307692307694,POSITIVE_FAVORABLE,13.0,14,0,0.18618090452260316,0.2620757695343292,True
BG,DMC,-0.02838778476378616,NONPOSITIVE_NONFAVORABLE,23.0,14,0,-0.03104786256755414,-0.026688656260570393,True
BG,RMC,-0.04163009282047235,NONPOSITIVE_NONFAVORABLE,25.0,14,0,-0.04563204073140204,-0.03955564662835146,True
BG,TERR,0.003256955452647446,POSITIVE_FAVORABLE,23.0,13,1,-0.0015663087041481883,0.006867320421836091,False
BG,CFOOT,-0.007095706980591583,NONPOSITIVE_NONFAVORABLE,24.0,14,0,-0.00940691034854612,-0.0020283862841533064,True
HR,CMUR,0.32131868131868124,POSITIVE_FAVORABLE,10.0,14,0,0.28351648351648356,0.3467032967032967,True
HR,DMC,-0.016979127565245663,NONPOSITIVE_NONFAVORABLE,21.0,14,0,-0.020493859759108227,-0.014674696528859249,True
HR,RMC,-0.014983230303764762,NONPOSITIVE_NONFAVORABLE,21.0,14,0,-0.01670456193351647,-0.01350128463741607,True
HR,TERR,-0.0016257853532977429,NONPOSITIVE_NONFAVORABLE,27.0,13,1,-0.0041389608768721935,0.0001921500154744449,False
HR,CFOOT,-0.011419157556648532,NONPOSITIVE_NONFAVORABLE,26.0,14,0,-0.016411351125432076,-0.007954521759549327,True
CY,CMUR,0.36219780219780223,POSITIVE_FAVORABLE,9.0,14,0,0.2725335438042586,0.40054945054945057,True
CY,DMC,0.008994708226666601,POSITIVE_FAVORABLE,7.0,12,2,-0.004968036760112808,0.014306230182590423,False
CY,RMC,0.009800759612685613,POSITIVE_FAVORABLE,6.0,13,1,-0.005537469167445104,0.015566978185892472,False
CY,TERR,0.009945842711918132,POSITIVE_FAVORABLE,20.0,14,0,0.006995397346344495,0.011795191781096817,True
CY,CFOOT,0.013784432690238315,POSITIVE_FAVORABLE,15.0,14,0,0.006545253812349403,0.01621306089923873,True
CZ,CMUR,0.6156043956043957,POSITIVE_FAVORABLE,3.0,14,0,0.5829670329670329,0.641002367797938,True
CZ,DMC,0.0037621111515538856,POSITIVE_FAVORABLE,13.0,14,0,0.0004999799444599543,0.004994025257212276,True
CZ,RMC,-0.001964523688753296,NONPOSITIVE_NONFAVORABLE,17.0,13,1,-0.0063294795041976566,0.0002002799241603468,False
CZ,TERR,0.01954572533650481,POSITIVE_FAVORABLE,15.0,14,0,0.0161816489651175,0.02054040055557071,True
CZ,CFOOT,0.01270818929067596,POSITIVE_FAVORABLE,17.0,14,0,0.01084616133852048,0.014873361238446415,True
DK,CMUR,0.10725274725274722,POSITIVE_FAVORABLE,17.0,14,0,0.08092744951385482,0.1340659340659339,True
DK,DMC,-0.006219357714132084,NONPOSITIVE_NONFAVORABLE,19.0,14,0,-0.010438158772719034,-0.003980822286147826,True
DK,RMC,-0.014468595974970036,NONPOSITIVE_NONFAVORABLE,20.0,14,0,-0.018878069450528976,-0.00916630610649278,True
DK,TERR,0.03879163332152253,POSITIVE_FAVORABLE,5.0,14,0,0.03708034148576953,0.03993861786618816,True
DK,CFOOT,0.01957718138190298,POSITIVE_FAVORABLE,10.0,14,0,0.017090900805207893,0.02093819475310322,True
EE,CMUR,0.6035164835164833,POSITIVE_FAVORABLE,4.0,14,0,0.5020915548539687,0.763089005235635,True
EE,DMC,-0.0010253949316058363,NONPOSITIVE_NONFAVORABLE,14.0,12,2,-0.005916689102958401,0.0029220617673663095,False
EE,RMC,-0.0033610115355585304,NONPOSITIVE_NONFAVORABLE,18.0,13,1,-0.009404512617401979,0.00026179172037973534,False
EE,TERR,0.052530181472398234,POSITIVE_FAVORABLE,2.0,14,0,0.04705136432658405,0.05776476711806321,True
EE,CFOOT,0.02347143808612213,POSITIVE_FAVORABLE,6.0,14,0,0.01687775621138912,0.027278980191971957,True
FI,CMUR,-0.538021978021978,NONPOSITIVE_NONFAVORABLE,26.0,14,0,-0.6101420678768819,-0.46514584891546945,True
FI,DMC,0.00686074497620672,POSITIVE_FAVORABLE,12.0,14,0,0.005352440519591059,0.00985466587270061,True
FI,RMC,0.009345462115101686,POSITIVE_FAVORABLE,7.0,14,0,0.006394637642243371,0.012594704680485066,True
FI,TERR,0.04033429677525245,POSITIVE_FAVORABLE,4.0,14,0,0.03763739098321268,0.04158625226121866,True
FI,CFOOT,0.032098163868715224,POSITIVE_FAVORABLE,3.0,14,0,0.028736001306596346,0.033043599321222056,True
FR,CMUR,-0.11714285714285731,NONPOSITIVE_NONFAVORABLE,23.0,14,0,-0.1477900552485985,-0.07857142857146768,True
FR,DMC,0.007869524443668296,POSITIVE_FAVORABLE,8.0,14,0,0.006969355257001963,0.009169024632833332,True
FR,RMC,0.00778761580310427,POSITIVE_FAVORABLE,9.0,14,0,0.0057518589824786005,0.009111738234008862,True
FR,TERR,0.024160552180304135,POSITIVE_FAVORABLE,10.0,14,0,0.022511248958731783,0.024970858525541265,True
FR,CFOOT,0.021069062886092883,POSITIVE_FAVORABLE,7.0,14,0,0.01995346843882122,0.02230166855317614,True
DE,CMUR,0.21274725274725304,POSITIVE_FAVORABLE,14.0,14,0,0.16758241758241746,0.2373626373626372,True
DE,DMC,0.015034131305450097,POSITIVE_FAVORABLE,4.0,14,0,0.011629276718174484,0.018304693318322397,True
DE,RMC,-0.0019495145033433968,NONPOSITIVE_NONFAVORABLE,16.0,14,0,-0.003906493190090559,-7.075193059954358e-05,True
DE,TERR,0.026142977049978967,POSITIVE_FAVORABLE,9.0,14,0,0.023366494283638482,0.028520194538738573,True
DE,CFOOT,0.019937922640967675,POSITIVE_FAVORABLE,9.0,14,0,0.018391656841222525,0.021330005235486903,True
EL,CMUR,0.3206593406593406,POSITIVE_FAVORABLE,11.0,14,0,0.27636148382004405,0.3785714285714286,True
EL,DMC,0.03465467912839716,POSITIVE_FAVORABLE,1.0,14,0,0.03204226926831497,0.03705007912715875,True
EL,RMC,0.032726316225762594,POSITIVE_FAVORABLE,1.0,14,0,0.028409796183786754,0.03451585945929699,True
EL,TERR,0.03282293130674446,POSITIVE_FAVORABLE,7.0,14,0,0.031495975151164084,0.033678458323716375,True
EL,CFOOT,0.028654475040789777,POSITIVE_FAVORABLE,4.0,14,0,0.024977412078033206,0.032293457415598234,True
HU,CMUR,0.009450549450549333,POSITIVE_FAVORABLE,20.0,11,3,-0.027472527472527455,0.037726913970001115,False
HU,DMC,-0.035237127681311244,NONPOSITIVE_NONFAVORABLE,25.0,14,0,-0.0416922402567447,-0.030511530651296637,True
HU,RMC,-0.049189885124444686,NONPOSITIVE_NONFAVORABLE,26.0,14,0,-0.05412814848940109,-0.04359847509232496,True
HU,TERR,0.001982820024063667,POSITIVE_FAVORABLE,24.0,13,1,-0.0021739583890655004,0.0032768045698389403,False
HU,CFOOT,-0.005111004790201155,NONPOSITIVE_NONFAVORABLE,23.0,14,0,-0.009003916497315648,-0.0015991156386046257,True
IE,CMUR,-0.0021978021978021735,NONPOSITIVE_NONFAVORABLE,21.0,11,3,-0.00714285714285719,0.00394632991318302,False
IE,DMC,-0.00907552342029399,NONPOSITIVE_NONFAVORABLE,20.0,14,0,-0.013267613286867928,-0.007378276485946603,True
IE,RMC,-0.019493964194886745,NONPOSITIVE_NONFAVORABLE,22.0,14,0,-0.022286341921686104,-0.01709781538515889,True
IE,TERR,0.013717663197131852,POSITIVE_FAVORABLE,19.0,14,0,0.010632807271803726,0.015145795173704527,True
IE,CFOOT,-0.009143064281672813,NONPOSITIVE_NONFAVORABLE,25.0,14,0,-0.014288127652911705,-0.005424884522376045,True
IT,CMUR,0.7171428571428574,POSITIVE_FAVORABLE,2.0,14,0,0.67138910812946,0.7382399368587018,True
IT,DMC,0.020036863692319093,POSITIVE_FAVORABLE,3.0,14,0,0.014754634816688206,0.02307256059091262,True
IT,RMC,0.020939667594287514,POSITIVE_FAVORABLE,3.0,14,0,0.016699834757750682,0.02434410202452413,True
IT,TERR,0.020146935299358293,POSITIVE_FAVORABLE,14.0,14,0,0.018200520573101304,0.02190914363037016,True
IT,CFOOT,0.017881971303197304,POSITIVE_FAVORABLE,12.0,14,0,0.013828486593897753,0.021590188272942946,True
LV,CMUR,0.2523076923076923,POSITIVE_FAVORABLE,12.0,14,0,0.19120879120879128,0.29838200473559073,True
LV,DMC,-0.03295908842362552,NONPOSITIVE_NONFAVORABLE,24.0,14,0,-0.03953319802293966,-0.028970827567480283,True
LV,RMC,-0.02427262672451054,NONPOSITIVE_NONFAVORABLE,23.0,14,0,-0.03237307243562864,-0.01679517450615178,True
LV,TERR,-0.001000725166579366,NONPOSITIVE_NONFAVORABLE,26.0,14,0,-0.0027211306053849835,-0.0003676174281432261,True
LV,CFOOT,0.0012409120117897743,POSITIVE_FAVORABLE,22.0,12,2,-0.0012579520564516948,0.0032232999923626033,False
LT,CMUR,0.03824175824175825,POSITIVE_FAVORABLE,19.0,14,0,0.025269203158663284,0.045054945054945054,True
LT,DMC,-0.04005448658649761,NONPOSITIVE_NONFAVORABLE,26.0,14,0,-0.04266102032551308,-0.03825351295149064,True
LT,RMC,-0.03206167335134374,NONPOSITIVE_NONFAVORABLE,24.0,14,0,-0.03611369558714138,-0.028693472293176307,True
LT,TERR,0.0004127644641794247,POSITIVE_FAVORABLE,25.0,11,3,-0.0025627357002516787,0.0018553745148537774,False
LT,CFOOT,0.010818829262128755,POSITIVE_FAVORABLE,19.0,14,0,0.00834252062195051,0.01407167968423653,True
LU,CMUR,-0.8375824175824175,NONPOSITIVE_NONFAVORABLE,27.0,14,0,-0.9625887924230611,-0.6274725274725276,True
LU,DMC,-0.003060252182615831,NONPOSITIVE_NONFAVORABLE,17.0,14,0,-0.006483286417654028,-0.001974855369326004,True
LU,RMC,0.02714552320768892,POSITIVE_FAVORABLE,2.0,14,0,0.024879682823842012,0.029776588391593233,True
LU,TERR,0.05009372660167921,POSITIVE_FAVORABLE,3.0,14,0,0.04688596772752414,0.051594658739621505,True
LU,CFOOT,0.035380830483410626,POSITIVE_FAVORABLE,2.0,14,0,0.034517113565009805,0.03611246280715025,True
MT,CMUR,1.3257142857142858,POSITIVE_FAVORABLE,1.0,14,0,1.2247434885556328,1.4846153846153842,True
MT,DMC,-0.023877374640156466,NONPOSITIVE_NONFAVORABLE,22.0,14,0,-0.030057359215911753,-0.012739685019698879,True
MT,RMC,-0.0003570843477146695,NONPOSITIVE_NONFAVORABLE,15.0,8,6,-0.005647607952931537,0.002821543442775208,False
MT,TERR,0.054187613383168375,POSITIVE_FAVORABLE,1.0,14,0,0.050848609648623415,0.05881308022955695,True
MT,CFOOT,0.02836675189298459,POSITIVE_FAVORABLE,5.0,14,0,0.02448051207973868,0.03440669978439774,True
NL,CMUR,0.45054945054945006,POSITIVE_FAVORABLE,8.0,14,0,0.3912087912087915,0.4963299131807102,True
NL,DMC,0.02600741031046874,POSITIVE_FAVORABLE,2.0,14,0,0.022908540233661966,0.028526667460289007,True
NL,RMC,0.003597229465914271,POSITIVE_FAVORABLE,11.0,13,1,-0.0009170571488521212,0.0064394154752620645,False
NL,TERR,0.030139933368492553,POSITIVE_FAVORABLE,8.0,14,0,0.026508874394501725,0.03155883563133459,True
NL,CFOOT,0.01882297804531382,POSITIVE_FAVORABLE,11.0,14,0,0.015576683519610335,0.01985951271863815,True
PL,CMUR,-0.3639560439560439,NONPOSITIVE_NONFAVORABLE,25.0,14,0,-0.43910812943960964,-0.3284135753749132,True
PL,DMC,-0.001919654405753156,NONPOSITIVE_NONFAVORABLE,15.0,13,1,-0.006781979097146582,6.414416132850164e-05,False
PL,RMC,-0.0001600995432587591,NONPOSITIVE_NONFAVORABLE,14.0,7,7,-0.005167894713592932,0.0018056835341577271,False
PL,TERR,0.0034588260030328933,POSITIVE_FAVORABLE,22.0,14,0,0.0010891782380791463,0.004842793438089141,True
PL,CFOOT,0.005212576076533237,POSITIVE_FAVORABLE,20.0,14,0,0.0037838042778186123,0.0068627831980636305,True
PT,CMUR,0.08813186813186812,POSITIVE_FAVORABLE,18.0,14,0,0.0718232044198868,0.09745154343145043,True
PT,DMC,0.007385208823302675,POSITIVE_FAVORABLE,10.0,14,0,0.0024440090127514445,0.010325092313558947,True
PT,RMC,0.006092576466455123,POSITIVE_FAVORABLE,10.0,14,0,0.0005056117793826718,0.009027226862677245,True
PT,TERR,0.01762681491703866,POSITIVE_FAVORABLE,16.0,14,0,0.013409995113170037,0.01888257038637898,True
PT,CFOOT,0.015139292261103943,POSITIVE_FAVORABLE,13.0,14,0,0.011493856924010856,0.016738338738384814,True
RO,CMUR,-0.12659340659340654,NONPOSITIVE_NONFAVORABLE,24.0,14,0,-0.14065934065934066,-0.0989010989010989,True
RO,DMC,-0.0523047157103171,NONPOSITIVE_NONFAVORABLE,27.0,14,0,-0.05655663479607753,-0.04640978666987599,True
RO,RMC,-0.05340112362272577,NONPOSITIVE_NONFAVORABLE,27.0,14,0,-0.05792225422439903,-0.04811781413581436,True
RO,TERR,0.006613004340756339,POSITIVE_FAVORABLE,21.0,14,0,0.005171136646028883,0.007637571724424168,True
RO,CFOOT,-0.012304001231243325,NONPOSITIVE_NONFAVORABLE,27.0,14,0,-0.015589663384427445,-0.010362040967700827,True
SK,CMUR,0.5760439560439561,POSITIVE_FAVORABLE,5.0,14,0,0.5266771902130946,0.6543956043956044,True
SK,DMC,0.00783179907079104,POSITIVE_FAVORABLE,9.0,14,0,0.006245711579330175,0.009633045442610712,True
SK,RMC,-0.006994914882200673,NONPOSITIVE_NONFAVORABLE,19.0,14,0,-0.009533522560974245,-0.004220628495108109,True
SK,TERR,0.01557142024771875,POSITIVE_FAVORABLE,18.0,14,0,0.01439672654665693,0.01704476925820488,True
SK,CFOOT,0.0030568351127448863,POSITIVE_FAVORABLE,21.0,13,1,-0.0012517742535064836,0.0060805171734781005,False
SI,CMUR,0.15912087912087916,POSITIVE_FAVORABLE,16.0,14,0,0.08241758241758255,0.20785319652721918,True
SI,DMC,-0.002727495779910611,NONPOSITIVE_NONFAVORABLE,16.0,14,0,-0.009600639474188119,-0.0003894443860617504,True
SI,RMC,0.0005081196830298717,POSITIVE_FAVORABLE,13.0,11,3,-0.003958864390320228,0.0033111044922521328,False
SI,TERR,0.02114376570610878,POSITIVE_FAVORABLE,13.0,14,0,0.019752875736840318,0.022173554638254635,True
SI,CFOOT,0.012465904421875697,POSITIVE_FAVORABLE,18.0,14,0,0.009501296587695022,0.014463264860582591,True
ES,CMUR,-0.052527472527472675,NONPOSITIVE_NONFAVORABLE,22.0,14,0,-0.07975532754539326,-0.011538461538461624,True
ES,DMC,0.012149240956735386,POSITIVE_FAVORABLE,5.0,14,0,0.0031122361422701054,0.014712202716775449,True
ES,RMC,0.009987398845510458,POSITIVE_FAVORABLE,5.0,14,0,0.0007347065540468769,0.013154547186201774,True
ES,TERR,0.02172456555450183,POSITIVE_FAVORABLE,12.0,14,0,0.019884014323094733,0.022685395755321577,True
ES,CFOOT,0.012969422003911522,POSITIVE_FAVORABLE,16.0,14,0,0.009887183447928948,0.015370805462314726,True
SE,CMUR,0.21164835164835172,POSITIVE_FAVORABLE,15.0,14,0,0.11483820047355084,0.24468960359014416,True
SE,DMC,-0.005676395673856185,NONPOSITIVE_NONFAVORABLE,18.0,14,0,-0.009551975501142227,-0.004331954334524301,True
SE,RMC,0.003388192634036378,POSITIVE_FAVORABLE,12.0,13,1,-0.0005266845218087593,0.00706606497103463,False
SE,TERR,0.034294721825685215,POSITIVE_FAVORABLE,6.0,14,0,0.03251903943462848,0.03483546944662051,True
SE,CFOOT,0.03581290126052187,POSITIVE_FAVORABLE,1.0,14,0,0.0337991673049089,0.03650585720901354,True
