deletion_type,deletion_id,n_countries,n_years,a_CMUR_TERR,b_DMC_TERR,c_RMC_TERR,d_CMUR_CFOOT,e_DMC_CFOOT,f_RMC_CFOOT,cell_metric,full_grid_range_metric,selected_endpoint_metric,full_grid_minimum,full_grid_minimum_cell_key,full_grid_minimum_cell_label,full_grid_maximum,full_grid_maximum_cell_key,full_grid_maximum_cell_label,full_grid_range,selected_endpoint_cell_difference,dmc_minus_cmur_territorial,dmc_minus_cmur_consumption,rmc_minus_dmc_territorial,rmc_minus_dmc_consumption,rmc_minus_cmur_territorial,rmc_minus_cmur_consumption,consumption_minus_territorial_cmur,consumption_minus_territorial_dmc,consumption_minus_territorial_rmc
FULL,FULL_2010_2023,27,14,0.09218559218559218,0.4065934065934066,0.5366300366300365,0.08424908424908426,0.47191697191697196,0.688034188034188,Spearman rho,Difference in Spearman rho,Difference in Spearman rho,0.08424908424908426,d_CMUR_CFOOT,CMUR × consumption,0.688034188034188,f_RMC_CFOOT,RMC × consumption,0.6037851037851037,0.5958485958485958,0.3144078144078144,0.38766788766788773,0.1300366300366299,0.21611721611721607,0.4444444444444443,0.6037851037851037,-0.007936507936507922,0.06532356532356537,0.15140415140415153
LOCO,AT,26,14,0.09333333333333332,0.41538461538461535,0.5528205128205128,0.07555555555555556,0.481025641025641,0.7066666666666667,Spearman rho,Difference in Spearman rho,Difference in Spearman rho,0.07555555555555556,d_CMUR_CFOOT,CMUR × consumption,0.7066666666666667,f_RMC_CFOOT,RMC × consumption,0.6311111111111111,0.6133333333333333,0.32205128205128203,0.40547008547008545,0.13743589743589746,0.22564102564102567,0.4594871794871795,0.6311111111111111,-0.017777777777777767,0.06564102564102564,0.15384615384615385
LOCO,BE,26,14,0.07418803418803417,0.40717948717948715,0.5452991452991452,0.05846153846153846,0.4755555555555555,0.6868376068376068,Spearman rho,Difference in Spearman rho,Difference in Spearman rho,0.05846153846153846,d_CMUR_CFOOT,CMUR × consumption,0.6868376068376068,f_RMC_CFOOT,RMC × consumption,0.6283760683760683,0.6126495726495725,0.332991452991453,0.41709401709401706,0.1381196581196581,0.21128205128205124,0.4711111111111111,0.6283760683760683,-0.01572649572649571,0.06837606837606836,0.1415384615384615
LOCO,BG,26,14,0.10769230769230768,0.3429059829059829,0.49196581196581196,0.09128205128205127,0.4215384615384615,0.6574358974358974,Spearman rho,Difference in Spearman rho,Difference in Spearman rho,0.09128205128205127,d_CMUR_CFOOT,CMUR × consumption,0.6574358974358974,f_RMC_CFOOT,RMC × consumption,0.5661538461538461,0.5497435897435897,0.2352136752136752,0.33025641025641017,0.14905982905982906,0.2358974358974359,0.38427350427350426,0.5661538461538461,-0.01641025641025641,0.07863247863247858,0.1654700854700854
LOCO,HR,26,14,0.12957264957264958,0.3641025641025641,0.4974358974358974,0.11316239316239315,0.43384615384615377,0.6622222222222223,Spearman rho,Difference in Spearman rho,Difference in Spearman rho,0.11316239316239315,d_CMUR_CFOOT,CMUR × consumption,0.6622222222222223,f_RMC_CFOOT,RMC × consumption,0.5490598290598291,0.5326495726495727,0.2345299145299145,0.3206837606837606,0.1333333333333333,0.2283760683760685,0.3678632478632478,0.5490598290598291,-0.016410256410256424,0.06974358974358968,0.16478632478632488
LOCO,CY,26,14,0.09333333333333332,0.4297435897435897,0.5801709401709401,0.07350427350427349,0.4823931623931623,0.7141880341880341,Spearman rho,Difference in Spearman rho,Difference in Spearman rho,0.07350427350427349,d_CMUR_CFOOT,CMUR × consumption,0.7141880341880341,f_RMC_CFOOT,RMC × consumption,0.6406837606837607,0.6208547008547007,0.3364102564102564,0.40888888888888886,0.15042735042735034,0.2317948717948718,0.48683760683760674,0.6406837606837607,-0.01982905982905983,0.052649572649572596,0.13401709401709405
LOCO,CZ,26,14,0.09606837606837607,0.40854700854700854,0.5268376068376068,0.09675213675213674,0.46529914529914523,0.6717948717948717,Spearman rho,Difference in Spearman rho,Difference in Spearman rho,0.09606837606837607,a_CMUR_TERR,CMUR × territorial,0.6717948717948717,f_RMC_CFOOT,RMC × consumption,0.5757264957264957,0.5757264957264957,0.3124786324786325,0.3685470085470085,0.11829059829059829,0.2064957264957265,0.4307692307692308,0.575042735042735,0.0006837606837606786,0.056752136752136695,0.1449572649572649
LOCO,DK,26,14,0.1152136752136752,0.4591452991452991,0.587008547008547,0.09538461538461539,0.4892307692307692,0.7162393162393161,Spearman rho,Difference in Spearman rho,Difference in Spearman rho,0.09538461538461539,d_CMUR_CFOOT,CMUR × consumption,0.7162393162393161,f_RMC_CFOOT,RMC × consumption,0.6208547008547007,0.6010256410256409,0.3439316239316239,0.3938461538461538,0.12786324786324788,0.22700854700854695,0.4717948717948718,0.6208547008547007,-0.019829059829059817,0.03008547008547008,0.12923076923076915
LOCO,EE,26,14,0.0003418803418803419,0.442051282051282,0.5965811965811965,0.037264957264957266,0.5035897435897435,0.7258119658119657,Spearman rho,Difference in Spearman rho,Difference in Spearman rho,0.0003418803418803419,a_CMUR_TERR,CMUR × territorial,0.7258119658119657,f_RMC_CFOOT,RMC × consumption,0.7254700854700854,0.7254700854700854,0.4417094017094017,0.46632478632478624,0.15452991452991444,0.2222222222222222,0.5962393162393161,0.6885470085470085,0.036923076923076927,0.061538461538461486,0.12923076923076926
LOCO,FI,26,14,0.18974358974358974,0.4365811965811965,0.532991452991453,0.20615384615384613,0.4974358974358974,0.6861538461538461,Spearman rho,Difference in Spearman rho,Difference in Spearman rho,0.18974358974358974,a_CMUR_TERR,CMUR × territorial,0.6861538461538461,f_RMC_CFOOT,RMC × consumption,0.4964102564102564,0.4964102564102564,0.24683760683760675,0.29128205128205126,0.09641025641025652,0.18871794871794872,0.34324786324786327,0.48,0.016410256410256396,0.060854700854700905,0.1531623931623931
LOCO,FR,26,14,0.13299145299145299,0.4133333333333333,0.5521367521367521,0.14324786324786323,0.4803418803418803,0.6984615384615384,Spearman rho,Difference in Spearman rho,Difference in Spearman rho,0.13299145299145299,a_CMUR_TERR,CMUR × territorial,0.6984615384615384,f_RMC_CFOOT,RMC × consumption,0.5654700854700854,0.5654700854700854,0.2803418803418803,0.3370940170940171,0.1388034188034188,0.21811965811965806,0.4191452991452991,0.5552136752136752,0.010256410256410248,0.06700854700854703,0.1463247863247863
LOCO,DE,26,14,0.10427350427350426,0.4044444444444444,0.5582905982905982,0.09538461538461539,0.47076923076923066,0.7059829059829059,Spearman rho,Difference in Spearman rho,Difference in Spearman rho,0.09538461538461539,d_CMUR_CFOOT,CMUR × consumption,0.7059829059829059,f_RMC_CFOOT,RMC × consumption,0.6105982905982905,0.6017094017094017,0.30017094017094015,0.37538461538461526,0.15384615384615385,0.23521367521367526,0.454017094017094,0.6105982905982905,-0.008888888888888877,0.06632478632478628,0.14769230769230768
LOCO,EL,26,14,0.08512820512820513,0.401025641025641,0.5275213675213675,0.08376068376068375,0.43863247863247856,0.6629059829059828,Spearman rho,Difference in Spearman rho,Difference in Spearman rho,0.08376068376068375,d_CMUR_CFOOT,CMUR × consumption,0.6629059829059828,f_RMC_CFOOT,RMC × consumption,0.579145299145299,0.5777777777777777,0.31589743589743585,0.3548717948717948,0.1264957264957265,0.22427350427350423,0.44239316239316234,0.579145299145299,-0.001367521367521371,0.037606837606837584,0.13538461538461533
LOCO,HU,26,14,0.06324786324786325,0.3442735042735042,0.49196581196581196,0.04478632478632478,0.42085470085470084,0.6574358974358974,Spearman rho,Difference in Spearman rho,Difference in Spearman rho,0.04478632478632478,d_CMUR_CFOOT,CMUR × consumption,0.6574358974358974,f_RMC_CFOOT,RMC × consumption,0.6126495726495725,0.5941880341880341,0.281025641025641,0.37606837606837606,0.14769230769230773,0.23658119658119653,0.4287179487179487,0.6126495726495725,-0.018461538461538467,0.07658119658119661,0.1654700854700854
LOCO,IE,26,14,0.07076923076923076,0.3627350427350427,0.5022222222222221,0.039999999999999994,0.43384615384615377,0.6622222222222223,Spearman rho,Difference in Spearman rho,Difference in Spearman rho,0.039999999999999994,d_CMUR_CFOOT,CMUR × consumption,0.6622222222222223,f_RMC_CFOOT,RMC × consumption,0.6222222222222222,0.5914529914529915,0.29196581196581195,0.3938461538461538,0.13948717948717942,0.2283760683760685,0.4314529914529914,0.6222222222222222,-0.03076923076923077,0.07111111111111107,0.16000000000000014
LOCO,IT,26,14,0.09606837606837607,0.41743589743589743,0.5521367521367521,0.06666666666666665,0.4803418803418803,0.7107692307692307,Spearman rho,Difference in Spearman rho,Difference in Spearman rho,0.06666666666666665,d_CMUR_CFOOT,CMUR × consumption,0.7107692307692307,f_RMC_CFOOT,RMC × consumption,0.6441025641025641,0.6147008547008547,0.32136752136752134,0.41367521367521365,0.13470085470085463,0.2304273504273504,0.456068376068376,0.6441025641025641,-0.029401709401709414,0.06290598290598287,0.15863247863247865
LOCO,LV,26,14,0.11658119658119658,0.3449572649572649,0.4926495726495726,0.0864957264957265,0.42085470085470084,0.6588034188034186,Spearman rho,Difference in Spearman rho,Difference in Spearman rho,0.0864957264957265,d_CMUR_CFOOT,CMUR × consumption,0.6588034188034186,f_RMC_CFOOT,RMC × consumption,0.5723076923076922,0.542222222222222,0.22837606837606833,0.3343589743589743,0.14769230769230768,0.2379487179487178,0.376068376068376,0.5723076923076922,-0.03008547008547008,0.07589743589743592,0.16615384615384604
LOCO,LT,26,14,0.06324786324786325,0.3442735042735042,0.4926495726495726,0.055726495726495726,0.4393162393162393,0.6676923076923077,Spearman rho,Difference in Spearman rho,Difference in Spearman rho,0.055726495726495726,d_CMUR_CFOOT,CMUR × consumption,0.6676923076923077,f_RMC_CFOOT,RMC × consumption,0.611965811965812,0.6044444444444445,0.281025641025641,0.38358974358974357,0.14837606837606837,0.2283760683760684,0.42940170940170935,0.611965811965812,-0.00752136752136752,0.09504273504273508,0.1750427350427351
LOCO,LU,26,14,0.18974358974358974,0.4618803418803418,0.5049572649572649,0.20615384615384613,0.530940170940171,0.6594871794871794,Spearman rho,Difference in Spearman rho,Difference in Spearman rho,0.18974358974358974,a_CMUR_TERR,CMUR × territorial,0.6594871794871794,f_RMC_CFOOT,RMC × consumption,0.46974358974358965,0.46974358974358965,0.2721367521367521,0.32478632478632485,0.04307692307692307,0.1285470085470084,0.31521367521367516,0.45333333333333325,0.016410256410256396,0.06905982905982916,0.1545299145299145
LOCO,MT,26,14,-0.016752136752136753,0.4974358974358974,0.5829059829059828,0.025641025641025637,0.545982905982906,0.7162393162393161,Spearman rho,Difference in Spearman rho,Difference in Spearman rho,-0.016752136752136753,a_CMUR_TERR,CMUR × territorial,0.7162393162393161,f_RMC_CFOOT,RMC × consumption,0.7329914529914529,0.7329914529914529,0.5141880341880342,0.5203418803418803,0.08547008547008544,0.17025641025641014,0.5996581196581195,0.6905982905982905,0.04239316239316239,0.04854700854700861,0.1333333333333333
LOCO,NL,26,14,0.06393162393162392,0.401025641025641,0.5528205128205128,0.07213675213675212,0.4803418803418803,0.7073504273504274,Spearman rho,Difference in Spearman rho,Difference in Spearman rho,0.06393162393162392,a_CMUR_TERR,CMUR × territorial,0.7073504273504274,f_RMC_CFOOT,RMC × consumption,0.6434188034188035,0.6434188034188035,0.33709401709401704,0.40820512820512816,0.15179487179487183,0.2270085470085471,0.4888888888888889,0.6352136752136753,0.008205128205128198,0.07931623931623932,0.1545299145299146
LOCO,PL,26,14,0.05025641025641025,0.39829059829059826,0.5439316239316239,0.055726495726495726,0.4659829059829059,0.6909401709401709,Spearman rho,Difference in Spearman rho,Difference in Spearman rho,0.05025641025641025,a_CMUR_TERR,CMUR × territorial,0.6909401709401709,f_RMC_CFOOT,RMC × consumption,0.6406837606837607,0.6406837606837607,0.348034188034188,0.4102564102564102,0.1456410256410256,0.22495726495726498,0.4936752136752136,0.6352136752136752,0.005470085470085477,0.06769230769230766,0.14700854700854704
LOCO,PT,26,14,0.07965811965811966,0.41538461538461535,0.5487179487179487,0.07897435897435896,0.481025641025641,0.7025641025641025,Spearman rho,Difference in Spearman rho,Difference in Spearman rho,0.07897435897435896,d_CMUR_CFOOT,CMUR × consumption,0.7025641025641025,f_RMC_CFOOT,RMC × consumption,0.6235897435897435,0.6229059829059829,0.3357264957264957,0.40205128205128204,0.1333333333333333,0.22153846153846152,0.469059829059829,0.6235897435897435,-0.0006837606837606924,0.06564102564102564,0.15384615384615385
LOCO,RO,26,14,0.05025641025641025,0.3545299145299145,0.5008547008547009,0.012649572649572649,0.40854700854700854,0.6505982905982907,Spearman rho,Difference in Spearman rho,Difference in Spearman rho,0.012649572649572649,d_CMUR_CFOOT,CMUR × consumption,0.6505982905982907,f_RMC_CFOOT,RMC × consumption,0.637948717948718,0.6003418803418804,0.30427350427350425,0.39589743589743587,0.14632478632478635,0.24205128205128212,0.4505982905982906,0.637948717948718,-0.0376068376068376,0.054017094017094036,0.1497435897435898
LOCO,SK,26,14,0.09743589743589742,0.416068376068376,0.5056410256410256,0.12,0.4981196581196581,0.6615384615384615,Spearman rho,Difference in Spearman rho,Difference in Spearman rho,0.09743589743589742,a_CMUR_TERR,CMUR × territorial,0.6615384615384615,f_RMC_CFOOT,RMC × consumption,0.5641025641025641,0.5641025641025641,0.31863247863247857,0.3781196581196581,0.08957264957264965,0.16341880341880344,0.4082051282051282,0.5415384615384615,0.022564102564102573,0.08205128205128209,0.15589743589743588
LOCO,SI,26,14,0.10495726495726496,0.4133333333333333,0.5411965811965811,0.06461538461538462,0.4591452991452991,0.6841025641025641,Spearman rho,Difference in Spearman rho,Difference in Spearman rho,0.06461538461538462,d_CMUR_CFOOT,CMUR × consumption,0.6841025641025641,f_RMC_CFOOT,RMC × consumption,0.6194871794871795,0.5791452991452991,0.30837606837606835,0.3945299145299145,0.12786324786324782,0.22495726495726498,0.4362393162393161,0.6194871794871795,-0.04034188034188034,0.04581196581196584,0.142905982905983
LOCO,ES,26,14,0.12205128205128205,0.40717948717948715,0.5452991452991452,0.07829059829059828,0.4871794871794871,0.7141880341880341,Spearman rho,Difference in Spearman rho,Difference in Spearman rho,0.07829059829059828,d_CMUR_CFOOT,CMUR × consumption,0.7141880341880341,f_RMC_CFOOT,RMC × consumption,0.6358974358974359,0.5921367521367521,0.28512820512820514,0.40888888888888886,0.1381196581196581,0.227008547008547,0.42324786324786323,0.6358974358974359,-0.04376068376068376,0.07999999999999996,0.16888888888888887
LOCO,SE,26,14,0.11042735042735041,0.4591452991452991,0.5596581196581196,0.09743589743589742,0.530940170940171,0.7148717948717949,Spearman rho,Difference in Spearman rho,Difference in Spearman rho,0.09743589743589742,d_CMUR_CFOOT,CMUR × consumption,0.7148717948717949,f_RMC_CFOOT,RMC × consumption,0.6174358974358974,0.6044444444444445,0.3487179487179487,0.43350427350427356,0.10051282051282051,0.18393162393162388,0.4492307692307692,0.6174358974358974,-0.01299145299145299,0.07179487179487187,0.15521367521367524
LOYO,2010,27,13,0.1221001221001221,0.5164835164835165,0.5854700854700854,0.11965811965811966,0.5598290598290598,0.7344322344322345,Spearman rho,Difference in Spearman rho,Difference in Spearman rho,0.11965811965811966,d_CMUR_CFOOT,CMUR × consumption,0.7344322344322345,f_RMC_CFOOT,RMC × consumption,0.6147741147741148,0.6123321123321124,0.3943833943833944,0.44017094017094016,0.06898656898656885,0.17460317460317465,0.4633699633699633,0.6147741147741148,-0.0024420024420024333,0.0433455433455433,0.1489621489621491
LOYO,2011,27,13,0.1282051282051282,0.46459096459096455,0.5915750915750917,0.12148962148962149,0.49877899877899873,0.7478632478632479,Spearman rho,Difference in Spearman rho,Difference in Spearman rho,0.12148962148962149,d_CMUR_CFOOT,CMUR × consumption,0.7478632478632479,f_RMC_CFOOT,RMC × consumption,0.6263736263736264,0.6196581196581197,0.33638583638583636,0.3772893772893772,0.12698412698412714,0.24908424908424914,0.4633699633699635,0.6263736263736264,-0.0067155067155067055,0.03418803418803418,0.15628815628815618
LOYO,2012,27,13,0.14224664224664224,0.39316239316239315,0.5280830280830281,0.12515262515262515,0.43101343101343104,0.6764346764346765,Spearman rho,Difference in Spearman rho,Difference in Spearman rho,0.12515262515262515,d_CMUR_CFOOT,CMUR × consumption,0.6764346764346765,f_RMC_CFOOT,RMC × consumption,0.5512820512820513,0.5341880341880343,0.2509157509157509,0.3058608058608059,0.13492063492063494,0.24542124542124544,0.38583638583638585,0.5512820512820513,-0.01709401709401709,0.03785103785103788,0.14835164835164838
LOYO,2013,27,13,0.0995115995115995,0.37606837606837606,0.5097680097680098,0.0757020757020757,0.43101343101343104,0.6733821733821733,Spearman rho,Difference in Spearman rho,Difference in Spearman rho,0.0757020757020757,d_CMUR_CFOOT,CMUR × consumption,0.6733821733821733,f_RMC_CFOOT,RMC × consumption,0.5976800976800977,0.5738705738705738,0.2765567765567766,0.3553113553113553,0.13369963369963378,0.24236874236874228,0.41025641025641035,0.5976800976800977,-0.023809523809523808,0.05494505494505497,0.16361416361416348
LOYO,2014,27,13,0.09584859584859586,0.3956043956043956,0.5433455433455433,0.08852258852258853,0.47496947496947495,0.7081807081807082,Spearman rho,Difference in Spearman rho,Difference in Spearman rho,0.08852258852258853,d_CMUR_CFOOT,CMUR × consumption,0.7081807081807082,f_RMC_CFOOT,RMC × consumption,0.6196581196581197,0.6123321123321124,0.29975579975579975,0.3864468864468864,0.14774114774114772,0.23321123321123327,0.44749694749694746,0.6196581196581197,-0.007326007326007328,0.07936507936507936,0.16483516483516492
LOYO,2015,27,13,0.0989010989010989,0.4157509157509158,0.532967032967033,0.07509157509157507,0.48229548229548225,0.6929181929181929,Spearman rho,Difference in Spearman rho,Difference in Spearman rho,0.07509157509157507,d_CMUR_CFOOT,CMUR × consumption,0.6929181929181929,f_RMC_CFOOT,RMC × consumption,0.6178266178266179,0.594017094017094,0.3168498168498169,0.4072039072039072,0.11721611721611719,0.21062271062271065,0.4340659340659341,0.6178266178266179,-0.023809523809523822,0.06654456654456647,0.15995115995115994
LOYO,2016,27,13,0.09218559218559218,0.4065934065934066,0.5317460317460317,0.09035409035409035,0.459096459096459,0.68009768009768,Spearman rho,Difference in Spearman rho,Difference in Spearman rho,0.09035409035409035,d_CMUR_CFOOT,CMUR × consumption,0.68009768009768,f_RMC_CFOOT,RMC × consumption,0.5897435897435896,0.5879120879120878,0.3144078144078144,0.36874236874236865,0.12515262515262515,0.221001221001221,0.43956043956043955,0.5897435897435896,-0.001831501831501825,0.05250305250305243,0.14835164835164827
LOYO,2017,27,13,0.09645909645909646,0.4023199023199023,0.5335775335775336,0.10256410256410256,0.46336996336996333,0.6892551892551892,Spearman rho,Difference in Spearman rho,Difference in Spearman rho,0.09645909645909646,a_CMUR_TERR,CMUR × territorial,0.6892551892551892,f_RMC_CFOOT,RMC × consumption,0.5927960927960928,0.5927960927960928,0.30586080586080583,0.36080586080586075,0.1312576312576313,0.22588522588522592,0.4371184371184371,0.5866910866910867,0.006105006105006097,0.061050061050061055,0.15567765567765568
LOYO,2018,27,13,0.09645909645909646,0.41514041514041516,0.5305250305250305,0.09584859584859586,0.4731379731379732,0.6843711843711844,Spearman rho,Difference in Spearman rho,Difference in Spearman rho,0.09584859584859586,d_CMUR_CFOOT,CMUR × consumption,0.6843711843711844,f_RMC_CFOOT,RMC × consumption,0.5885225885225885,0.5879120879120879,0.3186813186813187,0.37728937728937734,0.11538461538461536,0.2112332112332112,0.4340659340659341,0.5885225885225885,-0.0006105006105006083,0.057997557997558014,0.15384615384615385
LOYO,2019,27,13,0.13003663003663005,0.4078144078144078,0.5525030525030524,0.12454212454212454,0.4768009768009768,0.7087912087912087,Spearman rho,Difference in Spearman rho,Difference in Spearman rho,0.12454212454212454,d_CMUR_CFOOT,CMUR × consumption,0.7087912087912087,f_RMC_CFOOT,RMC × consumption,0.5842490842490842,0.5787545787545787,0.2777777777777778,0.35225885225885223,0.14468864468864462,0.23199023199023194,0.4224664224664224,0.5842490842490842,-0.005494505494505503,0.06898656898656896,0.1562881562881563
LOYO,2020,27,13,0.10683760683760683,0.394993894993895,0.5763125763125762,0.11904761904761904,0.4426129426129426,0.6953601953601952,Spearman rho,Difference in Spearman rho,Difference in Spearman rho,0.10683760683760683,a_CMUR_TERR,CMUR × territorial,0.6953601953601952,f_RMC_CFOOT,RMC × consumption,0.5885225885225884,0.5885225885225884,0.28815628815628813,0.3235653235653235,0.18131868131868117,0.2527472527472526,0.4694749694749693,0.5763125763125762,0.012210012210012208,0.047619047619047616,0.11904761904761907
LOYO,2021,27,13,0.10134310134310134,0.3827838827838828,0.5164835164835165,0.09645909645909646,0.44017094017094016,0.6422466422466423,Spearman rho,Difference in Spearman rho,Difference in Spearman rho,0.09645909645909646,d_CMUR_CFOOT,CMUR × consumption,0.6422466422466423,f_RMC_CFOOT,RMC × consumption,0.5457875457875458,0.540903540903541,0.28144078144078144,0.3437118437118437,0.13369963369963372,0.20207570207570213,0.4151404151404152,0.5457875457875458,-0.0048840048840048805,0.05738705738705735,0.12576312576312576
LOYO,2022,27,13,0.09096459096459096,0.41147741147741146,0.5518925518925519,0.09401709401709402,0.4706959706959707,0.7191697191697193,Spearman rho,Difference in Spearman rho,Difference in Spearman rho,0.09096459096459096,a_CMUR_TERR,CMUR × territorial,0.7191697191697193,f_RMC_CFOOT,RMC × consumption,0.6282051282051283,0.6282051282051283,0.3205128205128205,0.3766788766788767,0.14041514041514047,0.2484737484737486,0.46092796092796096,0.6251526251526253,0.0030525030525030555,0.05921855921855923,0.16727716727716735
LOYO,2023,27,13,0.11904761904761904,0.398046398046398,0.48595848595848595,0.08669108669108669,0.4792429792429792,0.6923076923076923,Spearman rho,Difference in Spearman rho,Difference in Spearman rho,0.08669108669108669,d_CMUR_CFOOT,CMUR × consumption,0.6923076923076923,f_RMC_CFOOT,RMC × consumption,0.6056166056166056,0.5732600732600732,0.278998778998779,0.3925518925518925,0.08791208791208793,0.21306471306471308,0.36691086691086694,0.6056166056166056,-0.03235653235653235,0.08119658119658119,0.20634920634920634
