geo,representation,ols_progress_score,theil_sen_progress_score,ols_sign,theil_sen_sign,sign_changed_ols_to_theil_sen
AT,CMUR,0.46197802197802196,0.4750000000000001,POSITIVE_FAVORABLE,POSITIVE_FAVORABLE,False
AT,DMC,0.007097422628061973,0.005761144830351039,POSITIVE_FAVORABLE,POSITIVE_FAVORABLE,False
AT,RMC,0.008482036489129513,0.01051229708022554,POSITIVE_FAVORABLE,POSITIVE_FAVORABLE,False
AT,TERR,0.017199226731731323,0.0173002448871523,POSITIVE_FAVORABLE,POSITIVE_FAVORABLE,False
AT,CFOOT,0.013970808105932809,0.015614656539303606,POSITIVE_FAVORABLE,POSITIVE_FAVORABLE,False
BE,CMUR,0.5338461538461537,0.5500000000000002,POSITIVE_FAVORABLE,POSITIVE_FAVORABLE,False
BE,DMC,0.009791138573222192,0.010757571516988232,POSITIVE_FAVORABLE,POSITIVE_FAVORABLE,False
BE,RMC,0.01779476480303852,0.016789787027979397,POSITIVE_FAVORABLE,POSITIVE_FAVORABLE,False
BE,TERR,0.021827852211564462,0.020991977944609424,POSITIVE_FAVORABLE,POSITIVE_FAVORABLE,False
BE,CFOOT,0.020355282913145718,0.0208536396343475,POSITIVE_FAVORABLE,POSITIVE_FAVORABLE,False
BG,CMUR,0.21692307692307694,0.2250000000000001,POSITIVE_FAVORABLE,POSITIVE_FAVORABLE,False
BG,DMC,-0.02838778476378616,-0.030149547978922515,NONPOSITIVE_NONFAVORABLE,NONPOSITIVE_NONFAVORABLE,False
BG,RMC,-0.04163009282047235,-0.04389924484950649,NONPOSITIVE_NONFAVORABLE,NONPOSITIVE_NONFAVORABLE,False
BG,TERR,0.003256955452647446,0.0005003975827383803,POSITIVE_FAVORABLE,POSITIVE_FAVORABLE,False
BG,CFOOT,-0.007095706980591583,-0.0047468498552219185,NONPOSITIVE_NONFAVORABLE,NONPOSITIVE_NONFAVORABLE,False
HR,CMUR,0.32131868131868124,0.3,POSITIVE_FAVORABLE,POSITIVE_FAVORABLE,False
HR,DMC,-0.016979127565245663,-0.020883900242398168,NONPOSITIVE_NONFAVORABLE,NONPOSITIVE_NONFAVORABLE,False
HR,RMC,-0.014983230303764762,-0.014784268057982417,NONPOSITIVE_NONFAVORABLE,NONPOSITIVE_NONFAVORABLE,False
HR,TERR,-0.0016257853532977429,-0.0039954749844342,NONPOSITIVE_NONFAVORABLE,NONPOSITIVE_NONFAVORABLE,False
HR,CFOOT,-0.011419157556648532,-0.013937127231674173,NONPOSITIVE_NONFAVORABLE,NONPOSITIVE_NONFAVORABLE,False
CY,CMUR,0.36219780219780223,0.25,POSITIVE_FAVORABLE,POSITIVE_FAVORABLE,False
CY,DMC,0.008994708226666601,-0.0035248796220022083,POSITIVE_FAVORABLE,NONPOSITIVE_NONFAVORABLE,True
CY,RMC,0.009800759612685613,-0.007270020366898766,POSITIVE_FAVORABLE,NONPOSITIVE_NONFAVORABLE,True
CY,TERR,0.009945842711918132,0.011202205157988013,POSITIVE_FAVORABLE,POSITIVE_FAVORABLE,False
CY,CFOOT,0.013784432690238315,0.0099943513471078,POSITIVE_FAVORABLE,POSITIVE_FAVORABLE,False
CZ,CMUR,0.6156043956043957,0.6166666666666666,POSITIVE_FAVORABLE,POSITIVE_FAVORABLE,False
CZ,DMC,0.0037621111515538856,0.0014176133888792464,POSITIVE_FAVORABLE,POSITIVE_FAVORABLE,False
CZ,RMC,-0.001964523688753296,-0.0027936393301055684,NONPOSITIVE_NONFAVORABLE,NONPOSITIVE_NONFAVORABLE,False
CZ,TERR,0.01954572533650481,0.01899903854092866,POSITIVE_FAVORABLE,POSITIVE_FAVORABLE,False
CZ,CFOOT,0.01270818929067596,0.012945045669146449,POSITIVE_FAVORABLE,POSITIVE_FAVORABLE,False
DK,CMUR,0.10725274725274722,0.10000000000000053,POSITIVE_FAVORABLE,POSITIVE_FAVORABLE,False
DK,DMC,-0.006219357714132084,-0.007149088190237051,NONPOSITIVE_NONFAVORABLE,NONPOSITIVE_NONFAVORABLE,False
DK,RMC,-0.014468595974970036,-0.011328388043222079,NONPOSITIVE_NONFAVORABLE,NONPOSITIVE_NONFAVORABLE,False
DK,TERR,0.03879163332152253,0.03910302444401986,POSITIVE_FAVORABLE,POSITIVE_FAVORABLE,False
DK,CFOOT,0.01957718138190298,0.019208217834763616,POSITIVE_FAVORABLE,POSITIVE_FAVORABLE,False
EE,CMUR,0.6035164835164833,0.6888888888888888,POSITIVE_FAVORABLE,POSITIVE_FAVORABLE,False
EE,DMC,-0.0010253949316058363,-0.001107305576218702,NONPOSITIVE_NONFAVORABLE,NONPOSITIVE_NONFAVORABLE,False
EE,RMC,-0.0033610115355585304,-0.004080596534075165,NONPOSITIVE_NONFAVORABLE,NONPOSITIVE_NONFAVORABLE,False
EE,TERR,0.052530181472398234,0.04771364635663122,POSITIVE_FAVORABLE,POSITIVE_FAVORABLE,False
EE,CFOOT,0.02347143808612213,0.016100049077529942,POSITIVE_FAVORABLE,POSITIVE_FAVORABLE,False
FI,CMUR,-0.538021978021978,-0.45454545454545453,NONPOSITIVE_NONFAVORABLE,NONPOSITIVE_NONFAVORABLE,False
FI,DMC,0.00686074497620672,0.008664410198838957,POSITIVE_FAVORABLE,POSITIVE_FAVORABLE,False
FI,RMC,0.009345462115101686,0.009082547073834565,POSITIVE_FAVORABLE,POSITIVE_FAVORABLE,False
FI,TERR,0.04033429677525245,0.040548510114815244,POSITIVE_FAVORABLE,POSITIVE_FAVORABLE,False
FI,CFOOT,0.032098163868715224,0.0334084791608566,POSITIVE_FAVORABLE,POSITIVE_FAVORABLE,False
FR,CMUR,-0.11714285714285731,-0.07000000000000028,NONPOSITIVE_NONFAVORABLE,NONPOSITIVE_NONFAVORABLE,False
FR,DMC,0.007869524443668296,0.008143561871087036,POSITIVE_FAVORABLE,POSITIVE_FAVORABLE,False
FR,RMC,0.00778761580310427,0.0076853295550244815,POSITIVE_FAVORABLE,POSITIVE_FAVORABLE,False
FR,TERR,0.024160552180304135,0.02284871898057563,POSITIVE_FAVORABLE,POSITIVE_FAVORABLE,False
FR,CFOOT,0.021069062886092883,0.020191891286937436,POSITIVE_FAVORABLE,POSITIVE_FAVORABLE,False
DE,CMUR,0.21274725274725304,0.19999999999999987,POSITIVE_FAVORABLE,POSITIVE_FAVORABLE,False
DE,DMC,0.015034131305450097,0.015302716454256515,POSITIVE_FAVORABLE,POSITIVE_FAVORABLE,False
DE,RMC,-0.0019495145033433968,-0.0017155125754990876,NONPOSITIVE_NONFAVORABLE,NONPOSITIVE_NONFAVORABLE,False
DE,TERR,0.026142977049978967,0.024908561032386256,POSITIVE_FAVORABLE,POSITIVE_FAVORABLE,False
DE,CFOOT,0.019937922640967675,0.01924940418774122,POSITIVE_FAVORABLE,POSITIVE_FAVORABLE,False
EL,CMUR,0.3206593406593406,0.35714285714285715,POSITIVE_FAVORABLE,POSITIVE_FAVORABLE,False
EL,DMC,0.03465467912839716,0.03434388151508862,POSITIVE_FAVORABLE,POSITIVE_FAVORABLE,False
EL,RMC,0.032726316225762594,0.03070382600072652,POSITIVE_FAVORABLE,POSITIVE_FAVORABLE,False
EL,TERR,0.03282293130674446,0.03168173747235695,POSITIVE_FAVORABLE,POSITIVE_FAVORABLE,False
EL,CFOOT,0.028654475040789777,0.028297700563302868,POSITIVE_FAVORABLE,POSITIVE_FAVORABLE,False
HU,CMUR,0.009450549450549333,0.012499999999999956,POSITIVE_FAVORABLE,POSITIVE_FAVORABLE,False
HU,DMC,-0.035237127681311244,-0.03603732066032124,NONPOSITIVE_NONFAVORABLE,NONPOSITIVE_NONFAVORABLE,False
HU,RMC,-0.049189885124444686,-0.04691108676518274,NONPOSITIVE_NONFAVORABLE,NONPOSITIVE_NONFAVORABLE,False
HU,TERR,0.001982820024063667,0.0006582312359517672,POSITIVE_FAVORABLE,POSITIVE_FAVORABLE,False
HU,CFOOT,-0.005111004790201155,-0.004162847889565641,NONPOSITIVE_NONFAVORABLE,NONPOSITIVE_NONFAVORABLE,False
IE,CMUR,-0.0021978021978021735,0.0,NONPOSITIVE_NONFAVORABLE,NONPOSITIVE_NONFAVORABLE,False
IE,DMC,-0.00907552342029399,-0.010392056203006353,NONPOSITIVE_NONFAVORABLE,NONPOSITIVE_NONFAVORABLE,False
IE,RMC,-0.019493964194886745,-0.021301950206882747,NONPOSITIVE_NONFAVORABLE,NONPOSITIVE_NONFAVORABLE,False
IE,TERR,0.013717663197131852,0.012597167590182671,POSITIVE_FAVORABLE,POSITIVE_FAVORABLE,False
IE,CFOOT,-0.009143064281672813,-0.006347966616974565,NONPOSITIVE_NONFAVORABLE,NONPOSITIVE_NONFAVORABLE,False
IT,CMUR,0.7171428571428574,0.6599999999999999,POSITIVE_FAVORABLE,POSITIVE_FAVORABLE,False
IT,DMC,0.020036863692319093,0.010541614752564174,POSITIVE_FAVORABLE,POSITIVE_FAVORABLE,False
IT,RMC,0.020939667594287514,0.016193652312069373,POSITIVE_FAVORABLE,POSITIVE_FAVORABLE,False
IT,TERR,0.020146935299358293,0.018808846619902342,POSITIVE_FAVORABLE,POSITIVE_FAVORABLE,False
IT,CFOOT,0.017881971303197304,0.01459094936874687,POSITIVE_FAVORABLE,POSITIVE_FAVORABLE,False
LV,CMUR,0.2523076923076923,0.21000000000000002,POSITIVE_FAVORABLE,POSITIVE_FAVORABLE,False
LV,DMC,-0.03295908842362552,-0.03629693428319566,NONPOSITIVE_NONFAVORABLE,NONPOSITIVE_NONFAVORABLE,False
LV,RMC,-0.02427262672451054,-0.02343256104286853,NONPOSITIVE_NONFAVORABLE,NONPOSITIVE_NONFAVORABLE,False
LV,TERR,-0.001000725166579366,-0.0007618466144185013,NONPOSITIVE_NONFAVORABLE,NONPOSITIVE_NONFAVORABLE,False
LV,CFOOT,0.0012409120117897743,0.0022829725689116342,POSITIVE_FAVORABLE,POSITIVE_FAVORABLE,False
LT,CMUR,0.03824175824175825,0.03333333333333336,POSITIVE_FAVORABLE,POSITIVE_FAVORABLE,False
LT,DMC,-0.04005448658649761,-0.04064651325673414,NONPOSITIVE_NONFAVORABLE,NONPOSITIVE_NONFAVORABLE,False
LT,RMC,-0.03206167335134374,-0.033135345785789805,NONPOSITIVE_NONFAVORABLE,NONPOSITIVE_NONFAVORABLE,False
LT,TERR,0.0004127644641794247,-0.0023915704661008025,POSITIVE_FAVORABLE,NONPOSITIVE_NONFAVORABLE,True
LT,CFOOT,0.010818829262128755,0.011119086315068551,POSITIVE_FAVORABLE,POSITIVE_FAVORABLE,False
LU,CMUR,-0.8375824175824175,-0.8083333333333335,NONPOSITIVE_NONFAVORABLE,NONPOSITIVE_NONFAVORABLE,False
LU,DMC,-0.003060252182615831,-0.0032252231610390703,NONPOSITIVE_NONFAVORABLE,NONPOSITIVE_NONFAVORABLE,False
LU,RMC,0.02714552320768892,0.02607450419267478,POSITIVE_FAVORABLE,POSITIVE_FAVORABLE,False
LU,TERR,0.05009372660167921,0.052193527119330195,POSITIVE_FAVORABLE,POSITIVE_FAVORABLE,False
LU,CFOOT,0.035380830483410626,0.03500763350148159,POSITIVE_FAVORABLE,POSITIVE_FAVORABLE,False
MT,CMUR,1.3257142857142858,1.2999999999999998,POSITIVE_FAVORABLE,POSITIVE_FAVORABLE,False
MT,DMC,-0.023877374640156466,-0.02014580200306217,NONPOSITIVE_NONFAVORABLE,NONPOSITIVE_NONFAVORABLE,False
MT,RMC,-0.0003570843477146695,-0.0002379829771270714,NONPOSITIVE_NONFAVORABLE,NONPOSITIVE_NONFAVORABLE,False
MT,TERR,0.054187613383168375,0.04947716975127662,POSITIVE_FAVORABLE,POSITIVE_FAVORABLE,False
MT,CFOOT,0.02836675189298459,0.029729665918151894,POSITIVE_FAVORABLE,POSITIVE_FAVORABLE,False
NL,CMUR,0.45054945054945006,0.45000000000000046,POSITIVE_FAVORABLE,POSITIVE_FAVORABLE,False
NL,DMC,0.02600741031046874,0.02562871362556418,POSITIVE_FAVORABLE,POSITIVE_FAVORABLE,False
NL,RMC,0.003597229465914271,0.001602743687888264,POSITIVE_FAVORABLE,POSITIVE_FAVORABLE,False
NL,TERR,0.030139933368492553,0.029970422717191397,POSITIVE_FAVORABLE,POSITIVE_FAVORABLE,False
NL,CFOOT,0.01882297804531382,0.017339151173795697,POSITIVE_FAVORABLE,POSITIVE_FAVORABLE,False
PL,CMUR,-0.3639560439560439,-0.40000000000000036,NONPOSITIVE_NONFAVORABLE,NONPOSITIVE_NONFAVORABLE,False
PL,DMC,-0.001919654405753156,-0.004360835584549694,NONPOSITIVE_NONFAVORABLE,NONPOSITIVE_NONFAVORABLE,False
PL,RMC,-0.0001600995432587591,-0.0018417923701570804,NONPOSITIVE_NONFAVORABLE,NONPOSITIVE_NONFAVORABLE,False
PL,TERR,0.0034588260030328933,0.003999619438531443,POSITIVE_FAVORABLE,POSITIVE_FAVORABLE,False
PL,CFOOT,0.005212576076533237,0.006270259140034406,POSITIVE_FAVORABLE,POSITIVE_FAVORABLE,False
PT,CMUR,0.08813186813186812,0.09090909090909088,POSITIVE_FAVORABLE,POSITIVE_FAVORABLE,False
PT,DMC,0.007385208823302675,0.007941866671348607,POSITIVE_FAVORABLE,POSITIVE_FAVORABLE,False
PT,RMC,0.006092576466455123,0.004977149257095232,POSITIVE_FAVORABLE,POSITIVE_FAVORABLE,False
PT,TERR,0.01762681491703866,0.017412548810657368,POSITIVE_FAVORABLE,POSITIVE_FAVORABLE,False
PT,CFOOT,0.015139292261103943,0.015025365165248954,POSITIVE_FAVORABLE,POSITIVE_FAVORABLE,False
RO,CMUR,-0.12659340659340654,-0.10000000000000009,NONPOSITIVE_NONFAVORABLE,NONPOSITIVE_NONFAVORABLE,False
RO,DMC,-0.0523047157103171,-0.048749398871249114,NONPOSITIVE_NONFAVORABLE,NONPOSITIVE_NONFAVORABLE,False
RO,RMC,-0.05340112362272577,-0.05296042848567524,NONPOSITIVE_NONFAVORABLE,NONPOSITIVE_NONFAVORABLE,False
RO,TERR,0.006613004340756339,0.006218812707567678,POSITIVE_FAVORABLE,POSITIVE_FAVORABLE,False
RO,CFOOT,-0.012304001231243325,-0.015317126044309681,NONPOSITIVE_NONFAVORABLE,NONPOSITIVE_NONFAVORABLE,False
SK,CMUR,0.5760439560439561,0.53,POSITIVE_FAVORABLE,POSITIVE_FAVORABLE,False
SK,DMC,0.00783179907079104,0.009139009507802292,POSITIVE_FAVORABLE,POSITIVE_FAVORABLE,False
SK,RMC,-0.006994914882200673,-0.006608235430712576,NONPOSITIVE_NONFAVORABLE,NONPOSITIVE_NONFAVORABLE,False
SK,TERR,0.01557142024771875,0.015490998888041174,POSITIVE_FAVORABLE,POSITIVE_FAVORABLE,False
SK,CFOOT,0.0030568351127448863,0.002122074900432702,POSITIVE_FAVORABLE,POSITIVE_FAVORABLE,False
SI,CMUR,0.15912087912087916,0.125,POSITIVE_FAVORABLE,POSITIVE_FAVORABLE,False
SI,DMC,-0.002727495779910611,-0.00954360333219908,NONPOSITIVE_NONFAVORABLE,NONPOSITIVE_NONFAVORABLE,False
SI,RMC,0.0005081196830298717,-0.002262802384309845,POSITIVE_FAVORABLE,NONPOSITIVE_NONFAVORABLE,True
SI,TERR,0.02114376570610878,0.02187868672962623,POSITIVE_FAVORABLE,POSITIVE_FAVORABLE,False
SI,CFOOT,0.012465904421875697,0.010661801611159039,POSITIVE_FAVORABLE,POSITIVE_FAVORABLE,False
ES,CMUR,-0.052527472527472675,-0.050000000000000044,NONPOSITIVE_NONFAVORABLE,NONPOSITIVE_NONFAVORABLE,False
ES,DMC,0.012149240956735386,0.00192546241843079,POSITIVE_FAVORABLE,POSITIVE_FAVORABLE,False
ES,RMC,0.009987398845510458,-0.0021173614969542064,POSITIVE_FAVORABLE,NONPOSITIVE_NONFAVORABLE,True
ES,TERR,0.02172456555450183,0.020770835079132133,POSITIVE_FAVORABLE,POSITIVE_FAVORABLE,False
ES,CFOOT,0.012969422003911522,0.01282290073629988,POSITIVE_FAVORABLE,POSITIVE_FAVORABLE,False
SE,CMUR,0.21164835164835172,0.06666666666666672,POSITIVE_FAVORABLE,POSITIVE_FAVORABLE,False
SE,DMC,-0.005676395673856185,-0.008285861591732205,NONPOSITIVE_NONFAVORABLE,NONPOSITIVE_NONFAVORABLE,False
SE,RMC,0.003388192634036378,0.0035993592291192478,POSITIVE_FAVORABLE,POSITIVE_FAVORABLE,False
SE,TERR,0.034294721825685215,0.03269231721953303,POSITIVE_FAVORABLE,POSITIVE_FAVORABLE,False
SE,CFOOT,0.03581290126052187,0.0347236036998857,POSITIVE_FAVORABLE,POSITIVE_FAVORABLE,False
