geo,representation,n_years,k_parameters,df_resid,slope,conventional_se,conventional_interval_low,conventional_interval_high,conventional_excludes_zero,hc3_se,hc3_interval_low,hc3_interval_high,hc3_excludes_zero,hac_lag1_se,hac_lag1_interval_low,hac_lag1_interval_high,hac_lag1_excludes_zero,hac_lag2_se,hac_lag2_interval_low,hac_lag2_interval_high,hac_lag2_excludes_zero,in_any_point_slope_sign_disagreement,implementation
AT,CMUR,14,2,12.0,0.46197802197802174,0.06732644576897899,0.31528629816067544,0.608669745795368,True,0.07163654341991384,0.30589540210169996,0.6180606418543435,True,0.07545144266317666,0.29758345068659114,0.6263725932694524,True,0.07901835323459833,0.28981182017130197,0.6341442237847414,True,False,statsmodels OLS with intercept and centered calendar year; conventional t interval; HC3; HAC/Newey-West lag 1/2 with use_correction=True and use_t=True
AT,DMC,14,2,12.0,0.007097422628061983,0.002174877262663797,0.0023587721452185597,0.011836073110905407,True,0.0031342806611629036,0.0002684117117423661,0.0139264335443816,True,0.00264391860429178,0.0013368188524351806,0.012858026403688785,True,0.002312306695992701,0.0020593391327076464,0.01213550612341632,True,False,statsmodels OLS with intercept and centered calendar year; conventional t interval; HC3; HAC/Newey-West lag 1/2 with use_correction=True and use_t=True
AT,RMC,14,2,12.0,0.008482036489129596,0.0032278172167531046,0.0014492269254471665,0.015514846052812026,True,0.004503995627917397,-0.0013313269697419333,0.018295399948001126,False,0.003636354414887507,0.0005591008367556282,0.016404972141503563,True,0.0028826759123828077,0.002201225227457252,0.01476284775080194,True,False,statsmodels OLS with intercept and centered calendar year; conventional t interval; HC3; HAC/Newey-West lag 1/2 with use_correction=True and use_t=True
AT,TERR,14,2,12.0,0.017199226731731368,0.0023754787671049524,0.012023503117361008,0.022374950346101728,True,0.0031339800320608177,0.010370870829956347,0.02402758263350639,True,0.0026660289319909787,0.011390448690445405,0.02300800477301733,True,0.002528903747620851,0.011689218801421524,0.022709234662041212,True,False,statsmodels OLS with intercept and centered calendar year; conventional t interval; HC3; HAC/Newey-West lag 1/2 with use_correction=True and use_t=True
AT,CFOOT,14,2,12.0,0.013970808105932903,0.0028638129107387677,0.007731095794248626,0.02021052041761718,True,0.0036391390305307992,0.006041805297269637,0.02189981091459617,True,0.0030424178831374555,0.007341948988944004,0.0205996672229218,True,0.0025882206645751527,0.008331559715946719,0.019610056495919084,True,False,statsmodels OLS with intercept and centered calendar year; conventional t interval; HC3; HAC/Newey-West lag 1/2 with use_correction=True and use_t=True
BE,CMUR,14,2,12.0,0.5338461538461535,0.10132448157060392,0.31307907344074104,0.754613234251566,True,0.1448239263243391,0.21830192512790203,0.849390382564405,True,0.13164923756957575,0.247007106013653,0.8206852016786541,True,0.12122179145419021,0.2697265593905187,0.7979657483017883,True,False,statsmodels OLS with intercept and centered calendar year; conventional t interval; HC3; HAC/Newey-West lag 1/2 with use_correction=True and use_t=True
BE,DMC,14,2,12.0,0.009791138573222141,0.0025242314457283705,0.004291310714219712,0.015290966432224572,True,0.0034808008680906936,0.0022071249843093124,0.01737515216213497,True,0.0030368827128427578,0.003174339556285723,0.01640793759015856,True,0.0026382756472167093,0.004042829744867764,0.015539447401576518,True,False,statsmodels OLS with intercept and centered calendar year; conventional t interval; HC3; HAC/Newey-West lag 1/2 with use_correction=True and use_t=True
BE,RMC,14,2,12.0,0.017794764803038488,0.005458490793941748,0.00590173503057775,0.029687794575499225,True,0.00847082831870596,-0.0006615846156665384,0.03625111422174351,False,0.006983000342923468,0.0025801140663061807,0.0330094155397708,True,0.00649380476050587,0.003645979677494174,0.0319435499285828,True,False,statsmodels OLS with intercept and centered calendar year; conventional t interval; HC3; HAC/Newey-West lag 1/2 with use_correction=True and use_t=True
BE,TERR,14,2,12.0,0.021827852211564483,0.002491398209215119,0.016399561829516622,0.027256142593612344,True,0.003312675397847503,0.014610152554211353,0.029045551868917614,True,0.0028369206088757633,0.015646733192198604,0.028008971230930362,True,0.002730325508425872,0.015878983964638493,0.027776720458490473,True,False,statsmodels OLS with intercept and centered calendar year; conventional t interval; HC3; HAC/Newey-West lag 1/2 with use_correction=True and use_t=True
BE,CFOOT,14,2,12.0,0.020355282913145756,0.002179990670569953,0.015605491271553078,0.025105074554738434,True,0.002193211169607353,0.015576686278635787,0.025133879547655724,True,0.0017343146788304394,0.016576535840229795,0.024134029986061716,True,0.0012892530504997187,0.017546241826029357,0.023164324000262155,True,False,statsmodels OLS with intercept and centered calendar year; conventional t interval; HC3; HAC/Newey-West lag 1/2 with use_correction=True and use_t=True
BG,CMUR,14,2,12.0,0.21692307692307686,0.05574711302872387,0.09546055183918419,0.33838560200696954,True,0.058582514158009365,0.089282743481444,0.3445634103647097,True,0.0504200352160963,0.10706725732197277,0.32677889652418096,True,0.03930501561451623,0.13128480463189815,0.3025613492142556,True,True,statsmodels OLS with intercept and centered calendar year; conventional t interval; HC3; HAC/Newey-West lag 1/2 with use_correction=True and use_t=True
BG,DMC,14,2,12.0,-0.02838778476378606,0.0034659486815625563,-0.03593943821814277,-0.020836131309429348,True,0.00415309546471667,-0.037436602445143526,-0.019338967082428597,True,0.0029382280838150324,-0.03478963380929081,-0.02198593571828131,True,0.002087577739774957,-0.03293622592613545,-0.02383934360143667,True,True,statsmodels OLS with intercept and centered calendar year; conventional t interval; HC3; HAC/Newey-West lag 1/2 with use_correction=True and use_t=True
BG,RMC,14,2,12.0,-0.04163009282047238,0.004644757690830601,-0.05175015046794962,-0.03151003517299514,True,0.00520062653443016,-0.05296128463599663,-0.03029890100494813,True,0.0049470123645776725,-0.05240870682893663,-0.030851478812008132,True,0.004727836027664865,-0.05193116261411153,-0.03132902302683323,True,True,statsmodels OLS with intercept and centered calendar year; conventional t interval; HC3; HAC/Newey-West lag 1/2 with use_correction=True and use_t=True
BG,TERR,14,2,12.0,0.003256955452647481,0.0047676566280426234,-0.007130875975979785,0.013644786881274747,False,0.006910410786699343,-0.011799536227683854,0.018313447132978816,False,0.004598240344080337,-0.006761749602928208,0.01327566050822317,False,0.00319769350620966,-0.003710220184025709,0.01022413108932067,False,True,statsmodels OLS with intercept and centered calendar year; conventional t interval; HC3; HAC/Newey-West lag 1/2 with use_correction=True and use_t=True
BG,CFOOT,14,2,12.0,-0.007095706980591532,0.004654938376074533,-0.017237946435693055,0.003046532474509993,False,0.006472980391569105,-0.021199119703926697,0.0070077057427436334,False,0.005861066564441455,-0.0198658740067302,0.0056744600455471365,False,0.0054571696285925075,-0.018985858181039234,0.004794444219856168,False,True,statsmodels OLS with intercept and centered calendar year; conventional t interval; HC3; HAC/Newey-West lag 1/2 with use_correction=True and use_t=True
HR,CMUR,14,2,12.0,0.32131868131868124,0.03434460050644334,0.24648822510544688,0.3961491375319156,True,0.0517363604079378,0.20859483550157873,0.43404252713578373,True,0.04570318806709808,0.22173998880139376,0.4208973738359687,True,0.04516319562038273,0.22291653127222055,0.41972083136514193,True,True,statsmodels OLS with intercept and centered calendar year; conventional t interval; HC3; HAC/Newey-West lag 1/2 with use_correction=True and use_t=True
HR,DMC,14,2,12.0,-0.016979127565245583,0.0035323703543502826,-0.024675501412440154,-0.009282753718051012,True,0.0050217470371957265,-0.027920574437231026,-0.006037680693260142,True,0.0048640696107185724,-0.02757702483747369,-0.0063812302930174765,True,0.005047620370107955,-0.02797694758692644,-0.005981307543564728,True,True,statsmodels OLS with intercept and centered calendar year; conventional t interval; HC3; HAC/Newey-West lag 1/2 with use_correction=True and use_t=True
HR,RMC,14,2,12.0,-0.014983230303764722,0.0034601457770569465,-0.022522240315335278,-0.007444220292194165,True,0.0034478727927713814,-0.022495499779715586,-0.007470960827813859,True,0.003361832907738893,-0.022308034974343707,-0.007658425633185737,True,0.003452963213762736,-0.022506590854279956,-0.007459869753249488,True,True,statsmodels OLS with intercept and centered calendar year; conventional t interval; HC3; HAC/Newey-West lag 1/2 with use_correction=True and use_t=True
HR,TERR,14,2,12.0,-0.0016257853532977151,0.002749152316299625,-0.007615673690760716,0.004364102984165286,False,0.003833296331582292,-0.009977820580465535,0.006726249873870105,False,0.0038211471422019416,-0.009951349770773572,0.006699779064178141,False,0.0039252763152323135,-0.010178227748914784,0.006926657042319354,False,True,statsmodels OLS with intercept and centered calendar year; conventional t interval; HC3; HAC/Newey-West lag 1/2 with use_correction=True and use_t=True
HR,CFOOT,14,2,12.0,-0.011419157556648518,0.005117033745983295,-0.02256821633223708,-0.0002700987810599579,True,0.007246954065283151,-0.027208914050096525,0.0043705989367994885,False,0.007238399135692594,-0.02719027445974772,0.004351959346450683,False,0.007415570661715119,-0.02757629805369732,0.004737982940400284,False,True,statsmodels OLS with intercept and centered calendar year; conventional t interval; HC3; HAC/Newey-West lag 1/2 with use_correction=True and use_t=True
CY,CMUR,14,2,12.0,0.3621978021978022,0.07672124227239381,0.19503657522670284,0.5293590291689015,True,0.10404753537236776,0.13549769723323254,0.5888979071623718,True,0.09569939352919446,0.15368673578502035,0.570708868610584,True,0.0939244892158274,0.1575539200744162,0.5668416843211881,True,False,statsmodels OLS with intercept and centered calendar year; conventional t interval; HC3; HAC/Newey-West lag 1/2 with use_correction=True and use_t=True
CY,DMC,14,2,12.0,0.00899470822666662,0.014456832946650839,-0.022504024873852113,0.04049344132718535,False,0.0193712751943203,-0.033211674693732984,0.051201091147066224,False,0.020056945092582202,-0.034705621064982636,0.052695037518315876,False,0.02086165297225552,-0.03645892891734918,0.05444834537068242,False,False,statsmodels OLS with intercept and centered calendar year; conventional t interval; HC3; HAC/Newey-West lag 1/2 with use_correction=True and use_t=True
CY,RMC,14,2,12.0,0.009800759612685728,0.01472624860586306,-0.022284979782637847,0.0418864990080093,False,0.020425252060261252,-0.03470204162539848,0.054303560850769934,False,0.020807189196085624,-0.03553421115705897,0.05513573038243043,False,0.021570637338829145,-0.03719762176525418,0.056799140990625635,False,False,statsmodels OLS with intercept and centered calendar year; conventional t interval; HC3; HAC/Newey-West lag 1/2 with use_correction=True and use_t=True
CY,TERR,14,2,12.0,0.00994584271191816,0.003163392762648829,0.0030534019753824327,0.016838283448453888,True,0.0038601674821271176,0.0015352602771953536,0.018356425146640966,True,0.003856643001218325,0.0015429394614173489,0.01834874596241897,True,0.0038014380233803925,0.0016632207753921307,0.018228464648444187,True,False,statsmodels OLS with intercept and centered calendar year; conventional t interval; HC3; HAC/Newey-West lag 1/2 with use_correction=True and use_t=True
CY,CFOOT,14,2,12.0,0.013784432690238324,0.005956816275746882,0.0008056449646704593,0.02676322041580619,True,0.00856902200506369,-0.004885862392095243,0.03245472777257189,False,0.0081029902617013,-0.003870466450625082,0.03143933183110173,False,0.008023840049375007,-0.0036980129525376673,0.031266878333014315,False,False,statsmodels OLS with intercept and centered calendar year; conventional t interval; HC3; HAC/Newey-West lag 1/2 with use_correction=True and use_t=True
CZ,CMUR,14,2,12.0,0.6156043956043956,0.04347372746929886,0.5208832804408307,0.7103255107679606,True,0.05104263542658795,0.5043920466769188,0.7268167445318724,True,0.03920845740706851,0.5301765055744136,0.7010322856343776,True,0.03426258128698866,0.5409526439187884,0.6902561472900028,True,True,statsmodels OLS with intercept and centered calendar year; conventional t interval; HC3; HAC/Newey-West lag 1/2 with use_correction=True and use_t=True
CZ,DMC,14,2,12.0,0.0037621111515539762,0.0031089546799040507,-0.003011719191874941,0.010535941494982893,False,0.00445857039461771,-0.005952279226213568,0.01347650152932152,False,0.003473660728685517,-0.0038063454100172416,0.011330567713125194,False,0.002943355071982841,-0.002650908641548346,0.010175130944656299,False,True,statsmodels OLS with intercept and centered calendar year; conventional t interval; HC3; HAC/Newey-West lag 1/2 with use_correction=True and use_t=True
CZ,RMC,14,2,12.0,-0.001964523688753189,0.004254460718142506,-0.011234197284757332,0.0073051499072509535,False,0.00576854739867108,-0.014533108769521255,0.010604061392014877,False,0.004717727313543199,-0.012243568486372619,0.00831452110886624,False,0.004005655230784198,-0.010692096696809442,0.006763049319303063,False,True,statsmodels OLS with intercept and centered calendar year; conventional t interval; HC3; HAC/Newey-West lag 1/2 with use_correction=True and use_t=True
CZ,TERR,14,2,12.0,0.019545725336504824,0.002688535824114845,0.013687908989903444,0.025403541683106205,True,0.0037589524941134948,0.011355671416220714,0.027735779256788932,True,0.002843329993820924,0.013350641466990155,0.025740809206019493,True,0.0023925031002749865,0.014332908886607064,0.024758541786402584,True,True,statsmodels OLS with intercept and centered calendar year; conventional t interval; HC3; HAC/Newey-West lag 1/2 with use_correction=True and use_t=True
CZ,CFOOT,14,2,12.0,0.012708189290675992,0.0029725295958539914,0.006231603670663774,0.01918477491068821,True,0.004044279172403942,0.003896461943086321,0.021519916638265663,True,0.0034054335618692298,0.005288386955495947,0.02012799162585604,True,0.002932617520136009,0.006318564613296764,0.01909781396805522,True,True,statsmodels OLS with intercept and centered calendar year; conventional t interval; HC3; HAC/Newey-West lag 1/2 with use_correction=True and use_t=True
DK,CMUR,14,2,12.0,0.10725274725274708,0.045464767049543095,0.00819352950737072,0.20631196499812343,True,0.05390583060828622,-0.01019796807045531,0.22470346257594948,False,0.05124732378299416,-0.004405579291751074,0.21891107379724523,False,0.04530127216255177,0.008549754264732423,0.20595574024076174,True,True,statsmodels OLS with intercept and centered calendar year; conventional t interval; HC3; HAC/Newey-West lag 1/2 with use_correction=True and use_t=True
DK,DMC,14,2,12.0,-0.0062193577141320955,0.0031346084562772158,-0.013049082834652278,0.0006103674063880878,False,0.005266315424063276,-0.017693673325155573,0.005254957896891382,False,0.0038165857322967787,-0.01453498367318521,0.0020962682449210193,False,0.003213535336862166,-0.01322104973467638,0.0007823343064121907,False,True,statsmodels OLS with intercept and centered calendar year; conventional t interval; HC3; HAC/Newey-West lag 1/2 with use_correction=True and use_t=True
DK,RMC,14,2,12.0,-0.014468595974969911,0.0046831586290792425,-0.024672322079374552,-0.0042648698705652684,True,0.007657037880654276,-0.031151848346587414,0.002214656396647592,False,0.0056095445189805965,-0.026690743541514315,-0.002246448408425505,True,0.004684761851743834,-0.024675815201484978,-0.004261376748454842,True,True,statsmodels OLS with intercept and centered calendar year; conventional t interval; HC3; HAC/Newey-West lag 1/2 with use_correction=True and use_t=True
DK,TERR,14,2,12.0,0.03879163332152258,0.0021793337036380106,0.03404327308790989,0.04353999355513527,True,0.0026940296593465584,0.03292184693623426,0.044661419706810895,True,0.002089044163808417,0.03423999709567535,0.043343269547369806,True,0.0015932692793106428,0.035320197774645894,0.04226306886839926,True,True,statsmodels OLS with intercept and centered calendar year; conventional t interval; HC3; HAC/Newey-West lag 1/2 with use_correction=True and use_t=True
DK,CFOOT,14,2,12.0,0.01957718138190301,0.002670158277648233,0.013759406269320889,0.02539495649448513,True,0.003593467702514463,0.011747687848669676,0.02740667491513634,True,0.0027146787473855192,0.013662404498674478,0.025491958265131537,True,0.0020330646357870487,0.015147514069907456,0.02400684869389856,True,True,statsmodels OLS with intercept and centered calendar year; conventional t interval; HC3; HAC/Newey-West lag 1/2 with use_correction=True and use_t=True
EE,CMUR,14,2,12.0,0.6035164835164837,0.2070298172924819,0.15243726147596187,1.0545957055570054,True,0.2409397030429768,0.07855396735023368,1.1284789996827338,True,0.2483461291486953,0.062416751129111936,1.1446162159038553,True,0.24290663816942432,0.07426838386160672,1.1327645831713606,True,True,statsmodels OLS with intercept and centered calendar year; conventional t interval; HC3; HAC/Newey-West lag 1/2 with use_correction=True and use_t=True
EE,DMC,14,2,12.0,-0.0010253949316057498,0.005328027573681747,-0.012634169765964294,0.010583379902752795,False,0.006650097912125155,-0.015514713581087285,0.013463923717875786,False,0.005993952649561949,-0.0140850958648892,0.012034306001677701,False,0.006342589559227446,-0.01484471043656392,0.01279392057335242,False,True,statsmodels OLS with intercept and centered calendar year; conventional t interval; HC3; HAC/Newey-West lag 1/2 with use_correction=True and use_t=True
EE,RMC,14,2,12.0,-0.0033610115355585113,0.005982158024536257,-0.01639501418851487,0.009672991117397849,False,0.007656179853485648,-0.020042394426572803,0.01332037135545578,False,0.007080236596897624,-0.018787521869958492,0.01206549879884147,False,0.007182659178424448,-0.019010681504636775,0.012288658433519752,False,True,statsmodels OLS with intercept and centered calendar year; conventional t interval; HC3; HAC/Newey-West lag 1/2 with use_correction=True and use_t=True
EE,TERR,14,2,12.0,0.05253018147239834,0.009571442716888328,0.031675799282417094,0.07338456366237958,True,0.009951929649162984,0.03084678947285635,0.07421357347194033,True,0.008828559656991442,0.033294402424262876,0.0717659605205338,True,0.008753371724035383,0.0334582228572237,0.07160214008757299,True,True,statsmodels OLS with intercept and centered calendar year; conventional t interval; HC3; HAC/Newey-West lag 1/2 with use_correction=True and use_t=True
EE,CFOOT,14,2,12.0,0.02347143808612219,0.007493005790150055,0.007145580937772421,0.03979729523447196,True,0.009102355305055394,0.003639109567277938,0.043303766604966445,True,0.007930594263635243,0.006192157557628395,0.04075071861461599,True,0.007923241762616285,0.006208177281178642,0.040734698891065735,True,True,statsmodels OLS with intercept and centered calendar year; conventional t interval; HC3; HAC/Newey-West lag 1/2 with use_correction=True and use_t=True
FI,CMUR,14,2,12.0,-0.538021978021978,0.12038286411841455,-0.8003137068352664,-0.27573024920868977,True,0.12442937728121747,-0.8091303016297986,-0.26691365441415743,True,0.13277332623562516,-0.8273102046617505,-0.24873375138220555,True,0.1388726784943436,-0.8405995516157061,-0.23544440442825004,True,True,statsmodels OLS with intercept and centered calendar year; conventional t interval; HC3; HAC/Newey-West lag 1/2 with use_correction=True and use_t=True
FI,DMC,14,2,12.0,0.006860744976206867,0.003729132910158318,-0.0012643376519803646,0.0149858276043941,False,0.003937232449796794,-0.0017177475987925194,0.015439237551206254,False,0.003532956579618652,-0.0008369061461235006,0.014558396098537235,False,0.0035720617902971425,-0.0009221090808566356,0.01464359903327037,False,True,statsmodels OLS with intercept and centered calendar year; conventional t interval; HC3; HAC/Newey-West lag 1/2 with use_correction=True and use_t=True
FI,RMC,14,2,12.0,0.009345462115101844,0.004112264744242951,0.0003856069313570784,0.01830531729884661,True,0.00507447031124517,-0.0017108589028045854,0.02040178313300827,False,0.0037565863221181287,0.0011605636407184365,0.01753036058948525,True,0.0035742134211565273,0.001557920057117205,0.017133004173086483,True,True,statsmodels OLS with intercept and centered calendar year; conventional t interval; HC3; HAC/Newey-West lag 1/2 with use_correction=True and use_t=True
FI,TERR,14,2,12.0,0.040334296775252465,0.0030118510911179078,0.03377203697687753,0.0468965565736274,True,0.0038777230746964582,0.03188546399020717,0.04878312956029776,True,0.0031994466681349904,0.03336330132688388,0.04730529222362105,True,0.002892116726601439,0.03403291574643806,0.04663567780406687,True,True,statsmodels OLS with intercept and centered calendar year; conventional t interval; HC3; HAC/Newey-West lag 1/2 with use_correction=True and use_t=True
FI,CFOOT,14,2,12.0,0.03209816386871529,0.0036972660570519333,0.024042513148917373,0.04015381458851321,True,0.004431490373304489,0.02244277578881266,0.04175355194861793,True,0.003463715094817124,0.024551376981815705,0.03964495075561488,True,0.0030232280583729824,0.025511115788122294,0.038685211949308296,True,True,statsmodels OLS with intercept and centered calendar year; conventional t interval; HC3; HAC/Newey-West lag 1/2 with use_correction=True and use_t=True
FR,CMUR,14,2,12.0,-0.11714285714285777,0.09417131476930425,-0.32232452594884886,0.08803881166313329,False,0.07361024833714963,-0.27752581061483017,0.0432400963291146,False,0.0844655965216726,-0.30117758250977367,0.0668918682240581,False,0.09106668407277545,-0.31556011675587314,0.08127440247015763,False,True,statsmodels OLS with intercept and centered calendar year; conventional t interval; HC3; HAC/Newey-West lag 1/2 with use_correction=True and use_t=True
FR,DMC,14,2,12.0,0.007869524443668285,0.0023655350307347374,0.0027154663696761783,0.013023582517660393,True,0.001896623444290504,0.003737136950200487,0.012001911937136085,True,0.001201034086606841,0.0052526959669016385,0.010486352920434932,True,0.0012101782016461693,0.005232772651737997,0.010506276235598574,True,True,statsmodels OLS with intercept and centered calendar year; conventional t interval; HC3; HAC/Newey-West lag 1/2 with use_correction=True and use_t=True
FR,RMC,14,2,12.0,0.007787615803104303,0.0027955318251225883,0.0016966751967841644,0.013878556409424442,True,0.0030247674839885617,0.0011972136022297616,0.014378018003978844,True,0.0022274778049925993,0.0029343585837874305,0.012640873022421176,True,0.001900003027742651,0.003647864829852036,0.011927366776356571,True,True,statsmodels OLS with intercept and centered calendar year; conventional t interval; HC3; HAC/Newey-West lag 1/2 with use_correction=True and use_t=True
FR,TERR,14,2,12.0,0.024160552180304176,0.0020251989390052275,0.019748022749371128,0.028573081611237224,True,0.0022614711898914165,0.019233229737845945,0.029087874622762407,True,0.0016619233217072286,0.02053953232504529,0.027781572035563064,True,0.0012955523749689291,0.021337786044216024,0.026983318316392328,True,True,statsmodels OLS with intercept and centered calendar year; conventional t interval; HC3; HAC/Newey-West lag 1/2 with use_correction=True and use_t=True
FR,CFOOT,14,2,12.0,0.021069062886092962,0.0018983684787442334,0.01693287328916917,0.025205252483016756,True,0.0019581878779487767,0.016802538014719322,0.025335587757466603,True,0.0015986413337328062,0.017585922638119596,0.02455220313406633,True,0.0012231567808704445,0.01840403319923797,0.023734092572947955,True,True,statsmodels OLS with intercept and centered calendar year; conventional t interval; HC3; HAC/Newey-West lag 1/2 with use_correction=True and use_t=True
DE,CMUR,14,2,12.0,0.2127472527472526,0.03143292574667293,0.14426079085642426,0.2812337146380809,True,0.05605720767725929,0.0906090894647198,0.3348854160297854,True,0.040569176184460314,0.12435461118752028,0.3011398943069849,True,0.03404064239217288,0.13857906437307219,0.28691544112143297,True,True,statsmodels OLS with intercept and centered calendar year; conventional t interval; HC3; HAC/Newey-West lag 1/2 with use_correction=True and use_t=True
DE,DMC,14,2,12.0,0.015034131305450088,0.002788084006607302,0.008959418101664089,0.021108844509236085,True,0.004821393173884788,0.0045292180013199144,0.02553904460958026,True,0.003723962162758403,0.0069203147680367595,0.023147947842863417,True,0.003549262906786914,0.007300951748280759,0.022767310862619416,True,True,statsmodels OLS with intercept and centered calendar year; conventional t interval; HC3; HAC/Newey-West lag 1/2 with use_correction=True and use_t=True
DE,RMC,14,2,12.0,-0.0019495145033433803,0.002949611949492753,-0.008376166861437957,0.004477137854751195,False,0.003973675918203147,-0.0106074105748641,0.00670838156817734,False,0.0029617283588508026,-0.008402566249596774,0.0045035372429100134,False,0.0022354918523544405,-0.0068202328318697925,0.002921203825183032,False,True,statsmodels OLS with intercept and centered calendar year; conventional t interval; HC3; HAC/Newey-West lag 1/2 with use_correction=True and use_t=True
DE,TERR,14,2,12.0,0.026142977049979033,0.0030393364792009716,0.01952083173542033,0.032765122364537734,True,0.004153171464430209,0.017093993779470663,0.0351919603204874,True,0.003645939845551613,0.018199156538296225,0.034086797561661844,True,0.003604087541415899,0.018290344875498254,0.03399560922445981,True,True,statsmodels OLS with intercept and centered calendar year; conventional t interval; HC3; HAC/Newey-West lag 1/2 with use_correction=True and use_t=True
DE,CFOOT,14,2,12.0,0.019937922640967637,0.002026220670697219,0.0155231670479156,0.024352678234019674,True,0.0027806026327864605,0.013879509950446024,0.025996335331489248,True,0.0018980057587601393,0.015802523342998764,0.02407332193893651,True,0.0014053623672701423,0.016875901084827942,0.022999944197107332,True,True,statsmodels OLS with intercept and centered calendar year; conventional t interval; HC3; HAC/Newey-West lag 1/2 with use_correction=True and use_t=True
EL,CMUR,14,2,12.0,0.3206593406593406,0.057133839806972876,0.19617539747975588,0.4451432838389253,True,0.07971908835345756,0.14696636818545192,0.49435231313322925,True,0.07853021285743705,0.1495567053690584,0.4917619759496228,True,0.08211258855712675,0.1417513792338864,0.49956730208479483,True,False,statsmodels OLS with intercept and centered calendar year; conventional t interval; HC3; HAC/Newey-West lag 1/2 with use_correction=True and use_t=True
EL,DMC,14,2,12.0,0.034654679128397176,0.0029296186569637028,0.028271588412572185,0.041037769844222166,True,0.004243156031867325,0.02540963632788476,0.04389972192890959,True,0.0039409916430023124,0.026067995975012408,0.04324136228178194,True,0.0036896724701276037,0.02661557341321318,0.042693784843581176,True,False,statsmodels OLS with intercept and centered calendar year; conventional t interval; HC3; HAC/Newey-West lag 1/2 with use_correction=True and use_t=True
EL,RMC,14,2,12.0,0.032726316225762636,0.0032728213870661968,0.02559545099841351,0.03985718145311176,True,0.005122617926397792,0.02156509056624379,0.04388754188528148,True,0.004692708510633732,0.02250178271690527,0.04295084973462,True,0.004575077608713314,0.022758078435174807,0.042694554016350465,True,False,statsmodels OLS with intercept and centered calendar year; conventional t interval; HC3; HAC/Newey-West lag 1/2 with use_correction=True and use_t=True
EL,TERR,14,2,12.0,0.032822931306744435,0.00241272556886397,0.027566053882837456,0.038079808730651414,True,0.0018829225740393386,0.028720395445157483,0.03692546716833139,True,0.0016717694991740103,0.029180458473697744,0.03646540413979112,True,0.0013188418546821023,0.029949421753460947,0.03569644086002792,True,False,statsmodels OLS with intercept and centered calendar year; conventional t interval; HC3; HAC/Newey-West lag 1/2 with use_correction=True and use_t=True
EL,CFOOT,14,2,12.0,0.028654475040789773,0.004369116382232445,0.019134988212872454,0.03817396186870709,True,0.005905947309970893,0.015786521270486537,0.04152242881109301,True,0.00572645353822929,0.0161776046032025,0.041131345478377046,True,0.0056132679486562255,0.016424214817897742,0.040884735263681804,True,False,statsmodels OLS with intercept and centered calendar year; conventional t interval; HC3; HAC/Newey-West lag 1/2 with use_correction=True and use_t=True
HU,CMUR,14,2,12.0,0.009450549450549461,0.047591257035787864,-0.09424189195901589,0.11314299086011481,False,0.05813279911067172,-0.11720993907624974,0.13611103797734866,False,0.049539478348441,-0.09848670155005568,0.1173878004511546,False,0.046465843903230775,-0.09178982738712452,0.11069092628822344,False,True,statsmodels OLS with intercept and centered calendar year; conventional t interval; HC3; HAC/Newey-West lag 1/2 with use_correction=True and use_t=True
HU,DMC,14,2,12.0,-0.035237127681311195,0.008392341152078105,-0.05352246825440322,-0.016951787108219173,True,0.009612526566689204,-0.05618102389033071,-0.014293231472291681,True,0.010031552434123679,-0.057094002826259385,-0.013380252536363008,True,0.010473040194614324,-0.05805592202295745,-0.012418333339664939,True,True,statsmodels OLS with intercept and centered calendar year; conventional t interval; HC3; HAC/Newey-West lag 1/2 with use_correction=True and use_t=True
HU,RMC,14,2,12.0,-0.049189885124444666,0.008539087464372822,-0.06779495844547077,-0.030584811803418557,True,0.009193263518580248,-0.06922028562523899,-0.029159484623650332,True,0.009703261205022953,-0.07033147512756097,-0.028048295121328365,True,0.009895496079927468,-0.0707503189393124,-0.027629451309576933,True,True,statsmodels OLS with intercept and centered calendar year; conventional t interval; HC3; HAC/Newey-West lag 1/2 with use_correction=True and use_t=True
HU,TERR,14,2,12.0,0.0019828200240637472,0.0036230721754179416,-0.0059111761145472196,0.009876816162674714,False,0.004939445202447177,-0.008779306554466402,0.012744946602593897,False,0.004597233224106402,-0.008033690705591718,0.011999330753719213,False,0.004508835526529159,-0.007841088667997377,0.011806728716124872,False,True,statsmodels OLS with intercept and centered calendar year; conventional t interval; HC3; HAC/Newey-West lag 1/2 with use_correction=True and use_t=True
HU,CFOOT,14,2,12.0,-0.005111004790201115,0.004218885323595433,-0.014303166260145621,0.004081156679743391,False,0.006099650552960473,-0.0184010016714782,0.008178992091075967,False,0.005097220968763391,-0.01621689523259161,0.005994885652189381,False,0.004664366754658723,-0.015273786917524835,0.0050517773371226045,False,True,statsmodels OLS with intercept and centered calendar year; conventional t interval; HC3; HAC/Newey-West lag 1/2 with use_correction=True and use_t=True
IE,CMUR,14,2,12.0,-0.0021978021978022316,0.009298547604969757,-0.02245759701678182,0.018061992621177355,False,0.01104457351340651,-0.026261860667015195,0.02186625627141073,False,0.009304240074111963,-0.02246999984158134,0.018074395445976877,False,0.008674824919028516,-0.021098622026498537,0.016703017630894074,False,True,statsmodels OLS with intercept and centered calendar year; conventional t interval; HC3; HAC/Newey-West lag 1/2 with use_correction=True and use_t=True
IE,DMC,14,2,12.0,-0.009075523420293913,0.004044686349108638,-0.017888137929711716,-0.00026290891087610985,True,0.0056294315329959745,-0.021341001068118794,0.00318995422753097,False,0.004491696998238279,-0.018862090467033254,0.0007110436264454283,False,0.004169317405640484,-0.018159685674658282,8.638834070458581e-06,False,True,statsmodels OLS with intercept and centered calendar year; conventional t interval; HC3; HAC/Newey-West lag 1/2 with use_correction=True and use_t=True
IE,RMC,14,2,12.0,-0.019493964194886693,0.005694524360972928,-0.031901266931427086,-0.007086661458346301,True,0.005417220985703381,-0.03129707477967977,-0.0076908536100936155,True,0.004909405255714137,-0.030190639352072376,-0.00879728903770101,True,0.004186440743729717,-0.028615434997966614,-0.010372493391806771,True,True,statsmodels OLS with intercept and centered calendar year; conventional t interval; HC3; HAC/Newey-West lag 1/2 with use_correction=True and use_t=True
IE,TERR,14,2,12.0,0.013717663197131885,0.002792571630755784,0.007633172300276448,0.01980215409398732,True,0.0036142635778511293,0.005842859343910866,0.021592467050352906,True,0.0031320310418687836,0.006893553780192163,0.020541772614071606,True,0.0030979699891813973,0.0069677664387794115,0.020467559955484358,True,True,statsmodels OLS with intercept and centered calendar year; conventional t interval; HC3; HAC/Newey-West lag 1/2 with use_correction=True and use_t=True
IE,CFOOT,14,2,12.0,-0.009143064281672775,0.008468562871701323,-0.027594477715379165,0.009308349152033615,False,0.008915529662334554,-0.028568334693246034,0.010282206129900485,False,0.009610669646699285,-0.030082914609594585,0.011796786046249036,False,0.009970524105039711,-0.03086697012023966,0.01258084155689411,False,True,statsmodels OLS with intercept and centered calendar year; conventional t interval; HC3; HAC/Newey-West lag 1/2 with use_correction=True and use_t=True
IT,CMUR,14,2,12.0,0.7171428571428571,0.05557934254410309,0.5960458725432957,0.8382398417424185,True,0.07373844160021395,0.5564805945446433,0.8778051197410709,True,0.07633415316245118,0.5508250248907252,0.883460689394989,True,0.07837163944556404,0.5463857236368079,0.8878999906489062,True,False,statsmodels OLS with intercept and centered calendar year; conventional t interval; HC3; HAC/Newey-West lag 1/2 with use_correction=True and use_t=True
IT,DMC,14,2,12.0,0.02003686369231919,0.006444675876435548,0.005995121209694528,0.03407860617494385,True,0.00877926438934824,0.0009084898057666185,0.03916523757887176,True,0.009256343224687436,-0.0001309756814331202,0.040204703066071504,False,0.009688178374348922,-0.0010718636458168333,0.04114559103045522,False,False,statsmodels OLS with intercept and centered calendar year; conventional t interval; HC3; HAC/Newey-West lag 1/2 with use_correction=True and use_t=True
IT,RMC,14,2,12.0,0.02093966759428749,0.0054247775596327815,0.009120092649268706,0.032759242539306274,True,0.007554335766938143,0.004480183905668643,0.037399151282906336,True,0.00768236457969009,0.004201233085877637,0.03767810210269734,True,0.007553293517523402,0.004482454772065193,0.037396880416509785,True,False,statsmodels OLS with intercept and centered calendar year; conventional t interval; HC3; HAC/Newey-West lag 1/2 with use_correction=True and use_t=True
IT,TERR,14,2,12.0,0.02014693529935832,0.00281788742820425,0.014007286018228909,0.026286584580487733,True,0.0035128687497622594,0.012493051798439233,0.02780081880027741,True,0.0035278501232289777,0.012460410189723912,0.02783346040899273,True,0.0034932973314190244,0.012535694255820257,0.027758176342896384,True,False,statsmodels OLS with intercept and centered calendar year; conventional t interval; HC3; HAC/Newey-West lag 1/2 with use_correction=True and use_t=True
IT,CFOOT,14,2,12.0,0.017881971303197366,0.004918876006921024,0.007164661151775534,0.0285992814546192,True,0.00680691563494246,0.0030509761873222865,0.032712966419072446,True,0.0068644802532444125,0.0029255536584310952,0.032838388947963634,True,0.006847019377977035,0.0029635976374808755,0.03280034496891386,True,False,statsmodels OLS with intercept and centered calendar year; conventional t interval; HC3; HAC/Newey-West lag 1/2 with use_correction=True and use_t=True
LV,CMUR,14,2,12.0,0.2523076923076923,0.08418127546690173,0.0688924493026557,0.4357229353127289,True,0.09363242850398262,0.048300155810315465,0.45631522880506914,True,0.08604424928732675,0.06483337804137948,0.4397820065740051,True,0.09368186620437553,0.048192440314430124,0.4564229443009544,True,True,statsmodels OLS with intercept and centered calendar year; conventional t interval; HC3; HAC/Newey-West lag 1/2 with use_correction=True and use_t=True
LV,DMC,14,2,12.0,-0.03295908842362552,0.005002063615252812,-0.04385764880334999,-0.022060528043901052,True,0.008277393486282618,-0.05099397954774204,-0.014924197299509005,True,0.006034412498111227,-0.04610694379401453,-0.01981123305323651,True,0.005450906952955156,-0.04483559442604652,-0.021082582421204525,True,True,statsmodels OLS with intercept and centered calendar year; conventional t interval; HC3; HAC/Newey-West lag 1/2 with use_correction=True and use_t=True
LV,RMC,14,2,12.0,-0.024272626724510485,0.006596737680757703,-0.0386456834172946,-0.009899570031726364,True,0.011363618814631564,-0.049031825189277636,0.0004865717402566701,False,0.008545166407661118,-0.04289094492516395,-0.005654308523857017,True,0.008186491836579868,-0.042109460168016734,-0.006435793281004236,True,True,statsmodels OLS with intercept and centered calendar year; conventional t interval; HC3; HAC/Newey-West lag 1/2 with use_correction=True and use_t=True
LV,TERR,14,2,12.0,-0.0010007251665793276,0.0020881478376423425,-0.005550408465476344,0.0035489581323176886,False,0.0026118560072192465,-0.006691470544352043,0.004690020211193388,False,0.0024227039990075334,-0.006279343722103042,0.004277893388944387,False,0.0024144807040359035,-0.006261426701516717,0.0042599763683580615,False,True,statsmodels OLS with intercept and centered calendar year; conventional t interval; HC3; HAC/Newey-West lag 1/2 with use_correction=True and use_t=True
LV,CFOOT,14,2,12.0,0.0012409120117897743,0.003305113443928172,-0.005960311563346565,0.008442135586926114,False,0.0039019494329984106,-0.0072607054735399305,0.009742529497119479,False,0.002935148154940813,-0.005154226445169364,0.007636050468748912,False,0.0018611908302154478,-0.002814274447542644,0.005296098471122192,False,True,statsmodels OLS with intercept and centered calendar year; conventional t interval; HC3; HAC/Newey-West lag 1/2 with use_correction=True and use_t=True
LT,CMUR,14,2,12.0,0.038241758241758184,0.02277351565604907,-0.011377469846269021,0.0878609863297854,False,0.017679629935861405,-0.00027884628626544117,0.07676236276978181,False,0.01674250266728794,0.0017629786295334307,0.07472053785398294,True,0.017687909344886666,-0.00029688556887174505,0.07678040205238812,False,True,statsmodels OLS with intercept and centered calendar year; conventional t interval; HC3; HAC/Newey-West lag 1/2 with use_correction=True and use_t=True
LT,DMC,14,2,12.0,-0.04005448658649752,0.003349030514232531,-0.04735139723785439,-0.03275757593514064,True,0.004134445980687436,-0.04906267053278541,-0.031046302640209626,True,0.003117712101550852,-0.04684739771256529,-0.033261575460429744,True,0.003007312908684786,-0.0466068585347638,-0.03350211463823124,True,True,statsmodels OLS with intercept and centered calendar year; conventional t interval; HC3; HAC/Newey-West lag 1/2 with use_correction=True and use_t=True
LT,RMC,14,2,12.0,-0.03206167335134372,0.004097300778804099,-0.040988924855207616,-0.023134421847479818,True,0.006312091019392773,-0.04581453824642398,-0.01830880845626345,True,0.005020074464623456,-0.042999476000750145,-0.02112387070193729,True,0.004937721870248282,-0.04282004511156914,-0.021303301591118297,True,True,statsmodels OLS with intercept and centered calendar year; conventional t interval; HC3; HAC/Newey-West lag 1/2 with use_correction=True and use_t=True
LT,TERR,14,2,12.0,0.00041276446417946866,0.002416321254269187,-0.004851947285219845,0.005677476213578782,False,0.0037480124568112566,-0.0077534531624734865,0.008578982090832424,False,0.0034024438792030977,-0.0070005239120509745,0.007826052840409912,False,0.0032394742155316854,-0.006645443517997148,0.007470972446356085,False,True,statsmodels OLS with intercept and centered calendar year; conventional t interval; HC3; HAC/Newey-West lag 1/2 with use_correction=True and use_t=True
LT,CFOOT,14,2,12.0,0.010818829262128765,0.004403450742176152,0.001224534290267686,0.020413124233989846,True,0.005313950335252874,-0.0007592739045346655,0.022396932428792198,False,0.00439292534203503,0.0012474671671325443,0.020390191357124984,True,0.0036099735374749554,0.002953372603919143,0.018684285920338387,True,True,statsmodels OLS with intercept and centered calendar year; conventional t interval; HC3; HAC/Newey-West lag 1/2 with use_correction=True and use_t=True
LU,CMUR,14,2,12.0,-0.8375824175824178,0.22047896251087998,-1.317964809772843,-0.35720002539199264,True,0.29087352351340773,-1.471341382423943,-0.20382345274089275,True,0.28907076242512986,-1.467413503435978,-0.2077513317288575,True,0.3083909590947314,-1.5095085958114,-0.16565623935343554,True,True,statsmodels OLS with intercept and centered calendar year; conventional t interval; HC3; HAC/Newey-West lag 1/2 with use_correction=True and use_t=True
LU,DMC,14,2,12.0,-0.003060252182615769,0.003482741875312227,-0.010648494862965352,0.004527990497733813,False,0.00398743528725927,-0.011748127343964097,0.005627622978732559,False,0.0034058765574616887,-0.01048101972227615,0.0043605153570446115,False,0.0031314307210306997,-0.009883053612811558,0.0037625492475800194,False,True,statsmodels OLS with intercept and centered calendar year; conventional t interval; HC3; HAC/Newey-West lag 1/2 with use_correction=True and use_t=True
LU,RMC,14,2,12.0,0.027145523207688926,0.0035919788619470923,0.01931927357938511,0.034971772835992745,True,0.0043367273493058675,0.01769660602025255,0.0365944403951253,True,0.0029703008304096663,0.020673793650421123,0.03361725276495673,True,0.002610280628824361,0.021458210284574567,0.03283283613080328,True,True,statsmodels OLS with intercept and centered calendar year; conventional t interval; HC3; HAC/Newey-West lag 1/2 with use_correction=True and use_t=True
LU,TERR,14,2,12.0,0.05009372660167932,0.0036792671765378286,0.04207729207366518,0.058110161129693465,True,0.004181045617725092,0.04098401076835595,0.059203442435002696,True,0.0038544252078605255,0.041695655507800036,0.05849179769555861,True,0.00385369657416311,0.041697243064248095,0.05849021013911055,True,True,statsmodels OLS with intercept and centered calendar year; conventional t interval; HC3; HAC/Newey-West lag 1/2 with use_correction=True and use_t=True
LU,CFOOT,14,2,12.0,0.03538083048341076,0.001640947019080068,0.031805514065434914,0.0389561469013866,True,0.001559319373810831,0.03198336542620305,0.038778295540618464,True,0.001179188813451472,0.03281159876806261,0.037950062198758905,True,0.00109872645810715,0.03298691118019206,0.03777474978662945,True,True,statsmodels OLS with intercept and centered calendar year; conventional t interval; HC3; HAC/Newey-West lag 1/2 with use_correction=True and use_t=True
MT,CMUR,14,2,12.0,1.3257142857142856,0.19827249747466336,0.893715624446326,1.7577129469822452,True,0.2182875818340262,0.8501065018572743,1.801322069571297,True,0.22404725856458127,0.8375572443020052,1.813871327126566,True,0.24129231457616432,0.799983495015638,1.8514450764129333,True,True,statsmodels OLS with intercept and centered calendar year; conventional t interval; HC3; HAC/Newey-West lag 1/2 with use_correction=True and use_t=True
MT,DMC,14,2,12.0,-0.023877374640156435,0.010641065499042068,-0.047062264670798604,-0.0006924846095142691,True,0.01438980314453621,-0.05523006234785776,0.007475313067544891,False,0.013059567432138519,-0.052331727711204146,0.004576978430891273,False,0.013194867336718177,-0.05262652087915505,0.004871771598842181,False,True,statsmodels OLS with intercept and centered calendar year; conventional t interval; HC3; HAC/Newey-West lag 1/2 with use_correction=True and use_t=True
MT,RMC,14,2,12.0,-0.00035708434771471176,0.005943914604504253,-0.013307761746454988,0.012593593051025564,False,0.0077754554050844015,-0.017298346340818,0.016584177645388578,False,0.00669919307019854,-0.01495337215748108,0.014239203462051656,False,0.006490546254981474,-0.01449876979961693,0.013784601104187506,False,True,statsmodels OLS with intercept and centered calendar year; conventional t interval; HC3; HAC/Newey-West lag 1/2 with use_correction=True and use_t=True
MT,TERR,14,2,12.0,0.05418761338316841,0.008676759432977358,0.0352825786106612,0.07309264815567562,True,0.008049268775471475,0.03664976330573134,0.07172546346060549,True,0.008766126562149548,0.0350878643630703,0.07328736240326653,True,0.009504628481272372,0.033478806906951625,0.0748964198593852,True,True,statsmodels OLS with intercept and centered calendar year; conventional t interval; HC3; HAC/Newey-West lag 1/2 with use_correction=True and use_t=True
MT,CFOOT,14,2,12.0,0.028366751892984626,0.007354388910965678,0.012342914979410213,0.044390588806559036,True,0.008064092216660126,0.010796604311705905,0.04593689947426335,True,0.007745845730707444,0.011490003838296119,0.045243499947673134,True,0.008386584454736069,0.010093954085917942,0.04663954970005131,True,True,statsmodels OLS with intercept and centered calendar year; conventional t interval; HC3; HAC/Newey-West lag 1/2 with use_correction=True and use_t=True
NL,CMUR,14,2,12.0,0.4505494505494503,0.07804209615257304,0.2805103301981007,0.6205885709007999,True,0.08498150397822658,0.2653906593972736,0.635708241701627,True,0.05424380342971989,0.33236235570682937,0.5687365453920712,True,0.05251513807605083,0.33612879395760475,0.5649701071412958,True,False,statsmodels OLS with intercept and centered calendar year; conventional t interval; HC3; HAC/Newey-West lag 1/2 with use_correction=True and use_t=True
NL,DMC,14,2,12.0,0.026007410310468812,0.0032065768503546557,0.019020879529602155,0.032993941091335466,True,0.004242148721149041,0.016764562251472853,0.03525025836946477,True,0.0024016532192982923,0.020774657463850092,0.031240163157087532,True,0.0021291244682353568,0.0213684466031192,0.030646374017818424,True,False,statsmodels OLS with intercept and centered calendar year; conventional t interval; HC3; HAC/Newey-West lag 1/2 with use_correction=True and use_t=True
NL,RMC,14,2,12.0,0.003597229465914259,0.006193347593241107,-0.009896915728828117,0.017091374660656633,False,0.007461111285277663,-0.012659135526023657,0.019853594457852175,False,0.007181488474882977,-0.012049889759268111,0.01924434869109663,False,0.006877491578451562,-0.011387537421144322,0.018581996352972842,False,False,statsmodels OLS with intercept and centered calendar year; conventional t interval; HC3; HAC/Newey-West lag 1/2 with use_correction=True and use_t=True
NL,TERR,14,2,12.0,0.03013993336849262,0.0034560514436791,0.02260984414301465,0.03767002259397059,True,0.004417555981293793,0.020514905720676498,0.03976496101630874,True,0.004228714373460005,0.020926356238599744,0.039353510498385494,True,0.0043707316709380006,0.02061692712882002,0.03966293960816522,True,False,statsmodels OLS with intercept and centered calendar year; conventional t interval; HC3; HAC/Newey-West lag 1/2 with use_correction=True and use_t=True
NL,CFOOT,14,2,12.0,0.018822978045313868,0.0030764147532710414,0.01212004611150938,0.025525909979118355,True,0.00423990606330983,0.009585016317990537,0.028060939772637197,True,0.0033949629898310674,0.011425989126824526,0.026219966963803208,True,0.0031207906878480815,0.012023359255924453,0.025622596834703283,True,False,statsmodels OLS with intercept and centered calendar year; conventional t interval; HC3; HAC/Newey-West lag 1/2 with use_correction=True and use_t=True
PL,CMUR,14,2,12.0,-0.36395604395604414,0.09089101268250295,-0.5619905484901283,-0.16592153942195995,True,0.10797163350789495,-0.5992060242831736,-0.12870606362891462,True,0.11569162556460218,-0.6160264420212564,-0.11188564589083183,True,0.12012351790738098,-0.6256827059174068,-0.1022293819946814,True,False,statsmodels OLS with intercept and centered calendar year; conventional t interval; HC3; HAC/Newey-West lag 1/2 with use_correction=True and use_t=True
PL,DMC,14,2,12.0,-0.0019196544057532017,0.0040001705869878255,-0.010635277401539764,0.00679596859003336,False,0.005587658226348964,-0.014094115837117956,0.010254807025611552,False,0.004143152037254739,-0.010946807219785741,0.007107498408279338,False,0.0035944329158430753,-0.009751250958170279,0.005911942146663875,False,False,statsmodels OLS with intercept and centered calendar year; conventional t interval; HC3; HAC/Newey-West lag 1/2 with use_correction=True and use_t=True
PL,RMC,14,2,12.0,-0.00016009954325876818,0.004381847595984022,-0.009707325303035258,0.009387126216517721,False,0.005982358231913157,-0.013194538410616512,0.012874339324098975,False,0.004474677224460718,-0.009909583688533525,0.009589384602015989,False,0.0038247791009692767,-0.008493577319093715,0.008173378232576179,False,False,statsmodels OLS with intercept and centered calendar year; conventional t interval; HC3; HAC/Newey-West lag 1/2 with use_correction=True and use_t=True
PL,TERR,14,2,12.0,0.003458826003032975,0.002371988400724674,-0.0017092927562877966,0.008626944762353747,False,0.0029909556384792174,-0.0030579065150510808,0.00997555852111703,False,0.002386157867747,-0.0017401653728255865,0.008657817378891536,False,0.00187323517150425,-0.000622602821624376,0.007540254827690326,False,False,statsmodels OLS with intercept and centered calendar year; conventional t interval; HC3; HAC/Newey-West lag 1/2 with use_correction=True and use_t=True
PL,CFOOT,14,2,12.0,0.005212576076533276,0.0028838406222403434,-0.0010707728699195073,0.01149592502298606,False,0.003444418844666629,-0.0022921678929739477,0.0127173200460405,False,0.003112590120071101,-0.001569175210573098,0.01199432736363965,False,0.0027679214896980543,-0.0008182067767324719,0.011243358929799024,False,False,statsmodels OLS with intercept and centered calendar year; conventional t interval; HC3; HAC/Newey-West lag 1/2 with use_correction=True and use_t=True
PT,CMUR,14,2,12.0,0.08813186813186807,0.020041417485927186,0.04446537058881279,0.13179836567492337,True,0.01995016623380383,0.04466418998766236,0.1315995462760738,True,0.019672641213867574,0.045268865061653125,0.13099487120208303,True,0.019459816816575954,0.0457325695889383,0.13053116667479786,True,False,statsmodels OLS with intercept and centered calendar year; conventional t interval; HC3; HAC/Newey-West lag 1/2 with use_correction=True and use_t=True
PT,DMC,14,2,12.0,0.00738520882330268,0.005443829923534612,-0.0044758776566209,0.01924629530322626,False,0.006823833755387792,-0.007482647710452544,0.022253065357057907,False,0.006360575065582661,-0.006473293733650295,0.021243711380255655,False,0.006290085945218872,-0.006319711133849713,0.021090128780455075,False,False,statsmodels OLS with intercept and centered calendar year; conventional t interval; HC3; HAC/Newey-West lag 1/2 with use_correction=True and use_t=True
PT,RMC,14,2,12.0,0.006092576466455141,0.006014564567468467,-0.007012033978007081,0.01919718691091736,False,0.007706792598343541,-0.010699082122400203,0.022884235055310485,False,0.007126257926903848,-0.00943420573220075,0.021619358665111034,False,0.006843644644095013,-0.008818444285782486,0.021003597218692768,False,False,statsmodels OLS with intercept and centered calendar year; conventional t interval; HC3; HAC/Newey-West lag 1/2 with use_correction=True and use_t=True
PT,TERR,14,2,12.0,0.0176268149170387,0.004811981571570189,0.007142407732779301,0.0281112221012981,True,0.005166660798556638,0.006369628082604769,0.02888400175147263,True,0.005190762417431963,0.006317115166183461,0.028936514667893938,True,0.005676848434770144,0.005258024715285185,0.029995605118792214,True,False,statsmodels OLS with intercept and centered calendar year; conventional t interval; HC3; HAC/Newey-West lag 1/2 with use_correction=True and use_t=True
PT,CFOOT,14,2,12.0,0.015139292261103943,0.004199990394856996,0.005988299304310392,0.024290285217897493,True,0.00524010854588773,0.003722076532474871,0.026556507989733014,True,0.004732550681893756,0.004827950118343437,0.02545063440386445,True,0.00448847493921287,0.005359745477907109,0.024918839044300777,True,False,statsmodels OLS with intercept and centered calendar year; conventional t interval; HC3; HAC/Newey-West lag 1/2 with use_correction=True and use_t=True
RO,CMUR,14,2,12.0,-0.12659340659340662,0.02086407786603221,-0.17205232712709365,-0.0811344860597196,True,0.03283048586945799,-0.19812489040999035,-0.0550619227768229,True,0.026715542636373497,-0.18480157364105904,-0.06838523954575419,True,0.027213249347083787,-0.1858859834077661,-0.06730082977904714,True,True,statsmodels OLS with intercept and centered calendar year; conventional t interval; HC3; HAC/Newey-West lag 1/2 with use_correction=True and use_t=True
RO,DMC,14,2,12.0,-0.052304715710317085,0.005603782365603266,-0.06451430862315645,-0.04009512279747772,True,0.008519956860668988,-0.070868107026554,-0.033741324394080174,True,0.006146486929816731,-0.06569676029038371,-0.03891267113025046,True,0.005378759856577496,-0.06402402669352719,-0.04058540472710698,True,True,statsmodels OLS with intercept and centered calendar year; conventional t interval; HC3; HAC/Newey-West lag 1/2 with use_correction=True and use_t=True
RO,RMC,14,2,12.0,-0.05340112362272571,0.005663780407863019,-0.06574144103979554,-0.04106080620565588,True,0.008492532056005364,-0.0719047614227104,-0.03489748582274102,True,0.006183706149981275,-0.06687426191719706,-0.03992798532825437,True,0.00535385708175729,-0.06506617612066325,-0.04173607112478818,True,True,statsmodels OLS with intercept and centered calendar year; conventional t interval; HC3; HAC/Newey-West lag 1/2 with use_correction=True and use_t=True
RO,TERR,14,2,12.0,0.006613004340756359,0.0021778355895355683,0.0018679082173703714,0.011358100464142347,True,0.0025211574147764233,0.0011198742198308262,0.012106134461681892,True,0.0022054685217800505,0.0018077012300747684,0.01141830745143795,True,0.0018738801220430671,0.002530170289590533,0.010695838391922185,True,True,statsmodels OLS with intercept and centered calendar year; conventional t interval; HC3; HAC/Newey-West lag 1/2 with use_correction=True and use_t=True
RO,CFOOT,14,2,12.0,-0.012304001231243311,0.00430397660863417,-0.021681560684723086,-0.0029264417777635342,True,0.005216495494010015,-0.023669768539493617,-0.0009382339229930033,True,0.005524470488880599,-0.024340788409534346,-0.00026721405295227624,True,0.005639001356031084,-0.024590329732274735,-1.7672730211885576e-05,True,True,statsmodels OLS with intercept and centered calendar year; conventional t interval; HC3; HAC/Newey-West lag 1/2 with use_correction=True and use_t=True
SK,CMUR,14,2,12.0,0.5760439560439559,0.09940984332775513,0.3594485140062339,0.7926393980816778,True,0.1088290727141423,0.33892577617359493,0.8131621359143169,True,0.11082837790203288,0.3345696643797986,0.8175182477081131,True,0.11763645722248474,0.319736133811006,0.8323517782769057,True,True,statsmodels OLS with intercept and centered calendar year; conventional t interval; HC3; HAC/Newey-West lag 1/2 with use_correction=True and use_t=True
SK,DMC,14,2,12.0,0.007831799070791096,0.003607110420136849,-2.741939062941845e-05,0.01569101753221161,False,0.003756762796425833,-0.00035348390807804324,0.016017082049660236,False,0.0037392962621110855,-0.0003154275990232495,0.01597902574060544,False,0.0035354384319052027,0.00012874045685745163,0.01553485768472474,True,True,statsmodels OLS with intercept and centered calendar year; conventional t interval; HC3; HAC/Newey-West lag 1/2 with use_correction=True and use_t=True
SK,RMC,14,2,12.0,-0.006994914882200692,0.005387144469576273,-0.018732494367784333,0.004742664603382947,False,0.006266555485727931,-0.02064856637232626,0.006658736607924874,False,0.006175343192588298,-0.02044983185781026,0.006460002093408874,False,0.005514048699577115,-0.019008994932249206,0.0050191651678478215,False,True,statsmodels OLS with intercept and centered calendar year; conventional t interval; HC3; HAC/Newey-West lag 1/2 with use_correction=True and use_t=True
SK,TERR,14,2,12.0,0.015571420247718806,0.002523471143879967,0.010073248944138097,0.021069591551299515,True,0.0026233549889059,0.009855620741119103,0.02128721975431851,True,0.0020878807681477896,0.011022318843262935,0.020120521652174678,True,0.0018610209492457778,0.011516603927222622,0.01962623656821499,True,True,statsmodels OLS with intercept and centered calendar year; conventional t interval; HC3; HAC/Newey-West lag 1/2 with use_correction=True and use_t=True
SK,CFOOT,14,2,12.0,0.003056835112744863,0.003909106181006635,-0.005460375586963856,0.011574045812453582,False,0.005922295240130171,-0.009846737737527913,0.01596040796301764,False,0.0051070696923348185,-0.008070513854918904,0.01418418408040863,False,0.004740135923919441,-0.007271033852657337,0.013384704078147062,False,True,statsmodels OLS with intercept and centered calendar year; conventional t interval; HC3; HAC/Newey-West lag 1/2 with use_correction=True and use_t=True
SI,CMUR,14,2,12.0,0.15912087912087897,0.06643291144622397,0.014375999349699298,0.30386575889205863,True,0.1001331873728499,-0.059050594202558926,0.37729235244431686,False,0.09289450868514862,-0.04327886820795662,0.36152062644971455,False,0.08805364298948655,-0.032731527923552134,0.3509732861653101,False,True,statsmodels OLS with intercept and centered calendar year; conventional t interval; HC3; HAC/Newey-West lag 1/2 with use_correction=True and use_t=True
SI,DMC,14,2,12.0,-0.0027274957799105493,0.00526777010616785,-0.01420498087096656,0.008749989311145462,False,0.008309705810587618,-0.02083278941077917,0.01537779785095807,False,0.007808015884703007,-0.019739700963746977,0.014284709403925878,False,0.007562500099473062,-0.01920476802100215,0.01374977646118105,False,True,statsmodels OLS with intercept and centered calendar year; conventional t interval; HC3; HAC/Newey-West lag 1/2 with use_correction=True and use_t=True
SI,RMC,14,2,12.0,0.0005081196830300505,0.0048632851310071055,-0.010088068354738099,0.0111043077207982,False,0.006597144455725523,-0.013865823296272745,0.014882062662332846,False,0.0062780340011767645,-0.013170541343820967,0.014186780709881068,False,0.005867860879635173,-0.012276850884221492,0.013293090250281593,False,True,statsmodels OLS with intercept and centered calendar year; conventional t interval; HC3; HAC/Newey-West lag 1/2 with use_correction=True and use_t=True
SI,TERR,14,2,12.0,0.021143765706108847,0.002639382518443666,0.015393045212524388,0.026894486199693306,True,0.002059678985526003,0.01665611070744881,0.025631420704768884,True,0.002017233646919418,0.01674859115576441,0.025538940256453285,True,0.00202310837254846,0.016735791228193075,0.02555174018402462,True,True,statsmodels OLS with intercept and centered calendar year; conventional t interval; HC3; HAC/Newey-West lag 1/2 with use_correction=True and use_t=True
SI,CFOOT,14,2,12.0,0.012465904421875812,0.0035165160882670377,0.004804074053028374,0.02012773479072325,True,0.004412566989148773,0.002851746854152371,0.022080061989599255,True,0.004333572028248396,0.003023862088441175,0.02190794675531045,True,0.004330893793835006,0.0030296974599419244,0.0219021113838097,True,True,statsmodels OLS with intercept and centered calendar year; conventional t interval; HC3; HAC/Newey-West lag 1/2 with use_correction=True and use_t=True
ES,CMUR,14,2,12.0,-0.052527472527472585,0.05366284114041075,-0.16944875928059389,0.06439381422564872,False,0.061906343488906945,-0.18740980795888934,0.08235486290394417,False,0.06023421828035242,-0.18376656010168074,0.07871161504673557,False,0.0644349567823273,-0.19291918304386071,0.08786423798891554,False,True,statsmodels OLS with intercept and centered calendar year; conventional t interval; HC3; HAC/Newey-West lag 1/2 with use_correction=True and use_t=True
ES,DMC,14,2,12.0,0.012149240956735405,0.007111719292372152,-0.0033458642784769833,0.02764434619194779,False,0.010665609775874576,-0.011089126459164333,0.035387608372635146,False,0.010320390997341037,-0.01033695935545341,0.03463544126892422,False,0.010229738334591407,-0.010139444170811019,0.034437926084281825,False,True,statsmodels OLS with intercept and centered calendar year; conventional t interval; HC3; HAC/Newey-West lag 1/2 with use_correction=True and use_t=True
ES,RMC,14,2,12.0,0.009987398845510476,0.0077632221858406425,-0.006927209252556382,0.026902006943577333,False,0.011356923371829277,-0.014757211502578752,0.0347320091935997,False,0.011035864864076947,-0.014057685106814159,0.034032482797835106,False,0.010763289696092576,-0.013463794833761113,0.03343859252478207,False,True,statsmodels OLS with intercept and centered calendar year; conventional t interval; HC3; HAC/Newey-West lag 1/2 with use_correction=True and use_t=True
ES,TERR,14,2,12.0,0.02172456555450185,0.0031274135646849463,0.014910516756090966,0.02853861435291273,True,0.0028103312308996624,0.01560137981300317,0.027847751296000527,True,0.0023320516497172313,0.016643461500651317,0.02680566960835238,True,0.002036169179773227,0.017288134022238943,0.026160997086764753,True,True,statsmodels OLS with intercept and centered calendar year; conventional t interval; HC3; HAC/Newey-West lag 1/2 with use_correction=True and use_t=True
ES,CFOOT,14,2,12.0,0.012969422003911532,0.004058046601625642,0.004127698004902088,0.021811146002920976,True,0.005133216633192761,0.0017851037460499299,0.024153740261773134,True,0.005087171774007137,0.001885426875983788,0.024053417131839276,True,0.00484174363366122,0.002420168856930841,0.023518675150892225,True,True,statsmodels OLS with intercept and centered calendar year; conventional t interval; HC3; HAC/Newey-West lag 1/2 with use_correction=True and use_t=True
SE,CMUR,14,2,12.0,0.21164835164835155,0.09901369252284256,-0.004083951933143953,0.42738065522984703,False,0.12549068800952315,-0.06177236939056491,0.485069072687268,False,0.13311541639916585,-0.0783852254286464,0.5016819287253496,False,0.13742220208313355,-0.08776890533150233,0.5110656086282055,False,True,statsmodels OLS with intercept and centered calendar year; conventional t interval; HC3; HAC/Newey-West lag 1/2 with use_correction=True and use_t=True
SE,DMC,14,2,12.0,-0.005676395673856166,0.0026673745834080572,-0.01148810563771392,0.00013531429000158794,False,0.00425568676194978,-0.01494874058983733,0.003595949242124998,False,0.003491677424340493,-0.013284107243068655,0.001931315895356324,False,0.0034248649705460477,-0.013138535411559769,0.0017857440638474375,False,True,statsmodels OLS with intercept and centered calendar year; conventional t interval; HC3; HAC/Newey-West lag 1/2 with use_correction=True and use_t=True
SE,RMC,14,2,12.0,0.003388192634036391,0.0031826212465534422,-0.0035461433699257566,0.010322528637998539,False,0.005522961535558816,-0.008645306817397773,0.015421692085470555,False,0.004370707908316453,-0.006134761831331513,0.012911147099404295,False,0.0042605291197926436,-0.005894702873338644,0.012671088141411426,False,True,statsmodels OLS with intercept and centered calendar year; conventional t interval; HC3; HAC/Newey-West lag 1/2 with use_correction=True and use_t=True
SE,TERR,14,2,12.0,0.034294721825685257,0.001643761109737652,0.030713274030880817,0.037876169620489696,True,0.002157843348029788,0.029593185054585868,0.03899625859678464,True,0.001794382569836011,0.030385098061195305,0.03820434559017521,True,0.0017203456100770083,0.030546410738987777,0.038043032912382736,True,True,statsmodels OLS with intercept and centered calendar year; conventional t interval; HC3; HAC/Newey-West lag 1/2 with use_correction=True and use_t=True
SE,CFOOT,14,2,12.0,0.035812901260521904,0.002455822564079738,0.0304621235505187,0.04116367897052511,True,0.002692668048070708,0.02994608157135043,0.041679720949693376,True,0.001967234328446003,0.03152666586674196,0.04009913665430185,True,0.0015802721333513339,0.032369784062010416,0.03925601845903339,True,True,statsmodels OLS with intercept and centered calendar year; conventional t interval; HC3; HAC/Newey-West lag 1/2 with use_correction=True and use_t=True
