period,omit_geo,a_CMUR_TERR,b_DMC_TERR,c_RMC_TERR,d_CMUR_CFOOT,e_DMC_CFOOT,f_RMC_CFOOT,D1_b_minus_a,D2_c_minus_b,D3_f_minus_c,D_TOTAL_f_minus_a,I1_construct_x_climate,I2_scope_x_climate,identity_D_sum_error,influence__D1_b_minus_a,influence__D2_c_minus_b,influence__D3_f_minus_c,influence__D_TOTAL_f_minus_a,influence__I1_construct_x_climate,influence__I2_scope_x_climate
FULL_2010_2023,AT,0.09333333333333332,0.41538461538461535,0.5528205128205128,0.07555555555555556,0.481025641025641,0.7066666666666667,0.32205128205128203,0.13743589743589746,0.15384615384615385,0.6133333333333333,0.08341880341880342,0.08820512820512821,0.0,-0.007643467643467627,-0.007399267399267551,-0.0024420024420023223,-0.017484737484737445,-0.01015873015873009,-0.0021245421245420504
FULL_2010_2023,BE,0.07418803418803417,0.40717948717948715,0.5452991452991452,0.05846153846153846,0.4755555555555555,0.6868376068376068,0.332991452991453,0.1381196581196581,0.1415384615384615,0.6126495726495725,0.08410256410256406,0.07316239316239315,1.1102230246251565e-16,-0.018583638583638595,-0.008083028083028188,0.00986568986569003,-0.016800976800976697,-0.010842490842490726,0.012918192918193017
FULL_2010_2023,BG,0.10769230769230768,0.3429059829059829,0.49196581196581196,0.09128205128205127,0.4215384615384615,0.6574358974358974,0.2352136752136752,0.14905982905982906,0.1654700854700854,0.5497435897435897,0.09504273504273497,0.08683760683760683,-1.1102230246251565e-16,0.0791941391941392,-0.019023199023199155,-0.014065934065933872,0.04610500610500612,-0.02178266178266164,-0.0007570207570206655
FULL_2010_2023,HR,0.12957264957264958,0.3641025641025641,0.4974358974358974,0.11316239316239315,0.43384615384615377,0.6622222222222223,0.2345299145299145,0.1333333333333333,0.16478632478632488,0.5326495726495727,0.08615384615384608,0.0950427350427352,0.0,0.0798778998778999,-0.003296703296703396,-0.013382173382173346,0.06319902319902315,-0.012893772893772748,-0.00896214896214903
FULL_2010_2023,CY,0.09333333333333332,0.4297435897435897,0.5801709401709401,0.07350427350427349,0.4823931623931623,0.7141880341880341,0.3364102564102564,0.15042735042735034,0.13401709401709405,0.6208547008547007,0.07247863247863245,0.08136752136752146,0.0,-0.022002442002442002,-0.02039072039072043,0.01738705738705748,-0.025006105006104895,0.0007814407814408786,0.004713064713064707
FULL_2010_2023,CZ,0.09606837606837607,0.40854700854700854,0.5268376068376068,0.09675213675213674,0.46529914529914523,0.6717948717948717,0.3124786324786325,0.11829059829059829,0.1449572649572649,0.5757264957264957,0.056068376068376,0.08820512820512821,0.0,0.0019291819291819001,0.011746031746031615,0.006446886446886624,0.02012210012210014,0.01719169719169733,-0.0021245421245420504
FULL_2010_2023,DK,0.1152136752136752,0.4591452991452991,0.587008547008547,0.09538461538461539,0.4892307692307692,0.7162393162393161,0.3439316239316239,0.12786324786324788,0.12923076923076915,0.6010256410256409,0.04991452991452988,0.09914529914529907,0.0,-0.029523809523809508,0.0021733821733820324,0.022173382173382383,-0.005177045177045092,0.02334554334554345,-0.013064713064712907
FULL_2010_2023,EE,0.0003418803418803419,0.442051282051282,0.5965811965811965,0.037264957264957266,0.5035897435897435,0.7258119658119657,0.4417094017094017,0.15452991452991444,0.12923076923076926,0.7254700854700854,0.02461538461538454,0.06769230769230777,0.0,-0.1273015873015873,-0.02449328449328453,0.022173382173382272,-0.12962148962148956,0.048644688644688794,0.01838827838827839
FULL_2010_2023,FI,0.18974358974358974,0.4365811965811965,0.532991452991453,0.20615384615384613,0.4974358974358974,0.6861538461538461,0.24683760683760675,0.09641025641025652,0.1531623931623931,0.4964102564102564,0.04444444444444451,0.0923076923076922,0.0,0.06757020757020765,0.033626373626373385,-0.0017582417582415744,0.09943833943833946,0.028815628815628824,-0.0062271062271060384
FULL_2010_2023,FR,0.13299145299145299,0.4133333333333333,0.5521367521367521,0.14324786324786323,0.4803418803418803,0.6984615384615384,0.2803418803418803,0.1388034188034188,0.1463247863247863,0.5654700854700854,0.056752136752136806,0.07931623931623927,0.0,0.03406593406593411,-0.00876678876678888,0.005079365079365239,0.03037851037851047,0.016507936507936527,0.006764346764346896
FULL_2010_2023,DE,0.10427350427350426,0.4044444444444444,0.5582905982905982,0.09538461538461539,0.47076923076923066,0.7059829059829059,0.30017094017094015,0.15384615384615385,0.14769230769230768,0.6017094017094017,0.07521367521367511,0.0813675213675214,0.0,0.014236874236874253,-0.023809523809523947,0.003711843711843854,-0.00586080586080584,-0.00195360195360178,0.004713064713064763
FULL_2010_2023,EL,0.08512820512820513,0.401025641025641,0.5275213675213675,0.08376068376068375,0.43863247863247856,0.6629059829059828,0.31589743589743585,0.1264957264957265,0.13538461538461533,0.5777777777777777,0.03897435897435897,0.09777777777777774,0.0,-0.001489621489621451,0.0035409035409034173,0.016019536019536207,0.018070818070818118,0.034285714285714364,-0.011697191697191578
FULL_2010_2023,HU,0.06324786324786325,0.3442735042735042,0.49196581196581196,0.04478632478632478,0.42085470085470084,0.6574358974358974,0.281025641025641,0.14769230769230773,0.1654700854700854,0.5941880341880341,0.09504273504273508,0.0888888888888888,0.0,0.03338217338217342,-0.017655677655677826,-0.014065934065933872,0.0016605616605617213,-0.02178266178266175,-0.002808302808302632
FULL_2010_2023,IE,0.07076923076923076,0.3627350427350427,0.5022222222222221,0.039999999999999994,0.43384615384615377,0.6622222222222223,0.29196581196581195,0.13948717948717942,0.16000000000000014,0.5914529914529915,0.10188034188034184,0.08888888888888907,1.1102230246251565e-16,0.02244200244200245,-0.009450549450549517,-0.00859584859584861,0.00439560439560438,-0.028620268620268507,-0.0028083028083029093
FULL_2010_2023,IT,0.09606837606837607,0.41743589743589743,0.5521367521367521,0.06666666666666665,0.4803418803418803,0.7107692307692307,0.32136752136752134,0.13470085470085463,0.15863247863247865,0.6147008547008547,0.09230769230769231,0.09572649572649577,-1.1102230246251565e-16,-0.006959706959706935,-0.004664224664224725,-0.007228327228327114,-0.01885225885225883,-0.01904761904761898,-0.009645909645909612
FULL_2010_2023,LV,0.11658119658119658,0.3449572649572649,0.4926495726495726,0.0864957264957265,0.42085470085470084,0.6588034188034186,0.22837606837606833,0.14769230769230768,0.16615384615384604,0.542222222222222,0.105982905982906,0.09025641025641012,0.0,0.08603174603174607,-0.01765567765567777,-0.014749694749694509,0.05362637362637379,-0.03272283272283266,-0.004175824175823961
FULL_2010_2023,LT,0.06324786324786325,0.3442735042735042,0.4926495726495726,0.055726495726495726,0.4393162393162393,0.6676923076923077,0.281025641025641,0.14837606837606837,0.1750427350427351,0.6044444444444445,0.10256410256410259,0.08000000000000002,0.0,0.03338217338217342,-0.018339438339438463,-0.023638583638583566,-0.00859584859584861,-0.029304029304029255,0.006080586080586148
FULL_2010_2023,LU,0.18974358974358974,0.4618803418803418,0.5049572649572649,0.20615384615384613,0.530940170940171,0.6594871794871794,0.2721367521367521,0.04307692307692307,0.1545299145299145,0.46974358974358965,0.05264957264957276,0.08547008547008533,0.0,0.04227106227106231,0.08695970695970684,-0.0031257631257629592,0.1261050061050062,0.02061050061050057,0.0006105006105008304
FULL_2010_2023,MT,-0.016752136752136753,0.4974358974358974,0.5829059829059828,0.025641025641025637,0.545982905982906,0.7162393162393161,0.5141880341880342,0.08547008547008544,0.1333333333333333,0.7329914529914529,0.006153846153846176,0.0847863247863247,1.1102230246251565e-16,-0.19978021978021976,0.044566544566544464,0.01807081807081823,-0.137142857142857,0.06710622710622716,0.0012942612942614673
FULL_2010_2023,NL,0.06393162393162392,0.401025641025641,0.5528205128205128,0.07213675213675212,0.4803418803418803,0.7073504273504274,0.33709401709401704,0.15179487179487183,0.1545299145299146,0.6434188034188035,0.07111111111111112,0.07521367521367528,0.0,-0.02268620268620264,-0.021758241758241925,-0.0031257631257630702,-0.04757020757020769,0.002148962148962208,0.010866910866910884
FULL_2010_2023,PL,0.05025641025641025,0.39829059829059826,0.5439316239316239,0.055726495726495726,0.4659829059829059,0.6909401709401709,0.348034188034188,0.1456410256410256,0.14700854700854704,0.6406837606837607,0.06222222222222218,0.07931623931623938,0.0,-0.03362637362637361,-0.015604395604395693,0.004395604395604491,-0.04483516483516481,0.011037851037851154,0.006764346764346785
FULL_2010_2023,PT,0.07965811965811966,0.41538461538461535,0.5487179487179487,0.07897435897435896,0.481025641025641,0.7025641025641025,0.3357264957264957,0.1333333333333333,0.15384615384615385,0.6229059829059829,0.06632478632478633,0.08820512820512821,0.0,-0.02131868131868131,-0.003296703296703396,-0.0024420024420023223,-0.027057387057387028,0.0069352869352869995,-0.0021245421245420504
FULL_2010_2023,RO,0.05025641025641025,0.3545299145299145,0.5008547008547009,0.012649572649572649,0.40854700854700854,0.6505982905982907,0.30427350427350425,0.14632478632478635,0.1497435897435898,0.6003418803418804,0.09162393162393162,0.09572649572649577,0.0,0.010134310134310154,-0.01628815628815644,0.0016605616605617213,-0.004493284493284566,-0.018363858363858288,-0.009645909645909612
FULL_2010_2023,SK,0.09743589743589742,0.416068376068376,0.5056410256410256,0.12,0.4981196581196581,0.6615384615384615,0.31863247863247857,0.08957264957264965,0.15589743589743588,0.5641025641025641,0.05948717948717952,0.07384615384615378,0.0,-0.004224664224664165,0.040463980463980254,-0.004493284493284344,0.031746031746031744,0.013772893772893813,0.01223443223443238
FULL_2010_2023,SI,0.10495726495726496,0.4133333333333333,0.5411965811965811,0.06461538461538462,0.4591452991452991,0.6841025641025641,0.30837606837606835,0.12786324786324782,0.142905982905983,0.5791452991452991,0.08615384615384614,0.09709401709401716,1.1102230246251565e-16,0.006031746031746055,0.002173382173382088,0.008498168498168535,0.016703296703296733,-0.012893772893772804,-0.011013431013430997
FULL_2010_2023,ES,0.12205128205128205,0.40717948717948715,0.5452991452991452,0.07829059829059828,0.4871794871794871,0.7141880341880341,0.28512820512820514,0.1381196581196581,0.16888888888888887,0.5921367521367521,0.12376068376068372,0.0888888888888889,0.0,0.029279609279609264,-0.008083028083028188,-0.017484737484737334,0.003711843711843743,-0.05050061050061039,-0.002808302808302743
FULL_2010_2023,SE,0.11042735042735041,0.4591452991452991,0.5596581196581196,0.09743589743589742,0.530940170940171,0.7148717948717949,0.3487179487179487,0.10051282051282051,0.15521367521367524,0.6044444444444445,0.08478632478632486,0.08341880341880337,0.0,-0.0343101343101343,0.029523809523809397,-0.003809523809523707,-0.00859584859584861,-0.01152625152625153,0.0026617826617827967
EARLY_2010_2016,AT,-0.24525400868030425,0.24444444444444444,0.44068376068376064,-0.19907647566518422,0.4974358974358974,0.6861538461538461,0.4896984531247487,0.1962393162393162,0.24547008547008548,0.9314078548341503,0.20681391997633292,-0.007521367521367478,1.1102230246251565e-16,-0.02378858342967305,-0.011868131868131876,0.004224664224664276,-0.03143205107314062,0.012953152711012161,0.00874236874236875
EARLY_2010_2016,BE,-0.25512997388060116,0.2451282051282051,0.4502564102564102,-0.18980849263235072,0.49333333333333323,0.6847863247863248,0.5002581790088063,0.20512820512820512,0.23452991452991462,0.939916298666926,0.18288364695687764,-0.013675213675213516,0.0,-0.034348309313730674,-0.020757020757020794,0.015164835164835133,-0.039940494905916335,0.036883425730467434,0.014896214896214788
EARLY_2010_2016,BG,-0.191518479052462,0.18905982905982904,0.37982905982905973,-0.1641586963306817,0.48376068376068376,0.6738461538461538,0.38057830811229104,0.1907692307692307,0.294017094017094,0.8653646328986158,0.26734107197907436,-0.0006837606837606924,0.0,0.0853315615827846,-0.006398046398046364,-0.044322344322344276,0.03461117086239396,-0.047573999291729285,0.0019047619047619646
EARLY_2010_2016,HR,-0.2254147722738082,0.2321367521367521,0.42769230769230765,-0.1867624668611522,0.4981196581196581,0.6861538461538461,0.45755152441056035,0.19555555555555554,0.25846153846153846,0.9115686184276544,0.2273306005702499,-0.007521367521367506,0.0,0.00835834528451529,-0.011184371184371211,-0.008766788766788713,-0.011592814666644635,-0.007563527882904819,0.008742368742368778
EARLY_2010_2016,CY,-0.2083119822682082,0.24991452991452992,0.45094017094017086,-0.16726528625476816,0.4605128205128205,0.6581196581196581,0.45822651218273813,0.20102564102564094,0.20717948717948725,0.8664316403878664,0.16955159458485058,-0.0034188034188033234,-1.1102230246251565e-16,0.0076833575123375075,-0.016654456654456612,0.0425152625152625,0.033544163373143365,0.05021547810249449,0.0046398046398045956
EARLY_2010_2016,CZ,-0.22435021831859833,0.2376068376068376,0.42905982905982903,-0.18604652250810594,0.4981196581196581,0.6929914529914529,0.4619570559254359,0.19145299145299144,0.2639316239316239,0.9173416713100513,0.22220912470232812,0.0034188034188034067,0.0,0.00395281376963974,-0.007081807081807112,-0.014236874236874142,-0.01736586754904157,-0.0024420520149830427,-0.0021978021978021345
EARLY_2010_2016,DK,-0.22883533027492825,0.3203418803418803,0.5056410256410256,-0.18642041106104018,0.5042735042735041,0.6916239316239315,0.5491772106168086,0.18529914529914532,0.1859829059829059,0.9204592618988598,0.1415167047177358,0.0020512820512820773,0.0,-0.08326734092173294,-0.0009279609279609913,0.06371184371184385,-0.02048345813785013,0.07825036796960927,-0.0008302808302808051
EARLY_2010_2016,EE,-0.25483157108344023,0.22940170940170937,0.42222222222222217,-0.28424836989307234,0.4974358974358974,0.7046153846153845,0.4842332804851496,0.1928205128205128,0.28239316239316237,0.9594469556988248,0.2974509868438201,0.014358974358974347,0.0,-0.018323410790073935,-0.00844932844932847,-0.032698412698412616,-0.05947115193781505,-0.07768391415647502,-0.013137973137973075
EARLY_2010_2016,FI,-0.12416625544065613,0.23829059829059826,0.4167521367521367,-0.12485036704088012,0.47350427350427343,0.6663247863247863,0.36245685373125436,0.17846153846153842,0.24957264957264963,0.7904910417654425,0.23589778681389917,0.014358974358974458,0.0,0.10345301596382128,0.005909645909645905,0.00012210012210012167,0.10948476199556723,-0.01613071412655409,-0.013137973137973186
EARLY_2010_2016,FR,-0.24833251088131225,0.2451282051282051,0.44136752136752133,-0.18402602046025618,0.49196581196581196,0.6861538461538461,0.49346071600951735,0.19623931623931623,0.24478632478632478,0.9344863570351584,0.18253111641655073,-0.0020512820512820773,0.0,-0.027550846314441713,-0.011868131868131904,0.004908424908424969,-0.03451055327414865,0.037235956270794346,0.0032722832722833495
EARLY_2010_2016,DE,-0.22609888387403224,0.23692307692307688,0.43384615384615377,-0.1915512480627202,0.49606837606837606,0.6970940170940171,0.4630219607971091,0.1969230769230769,0.2632478632478633,0.9231929009680493,0.22459766333398712,0.004102564102564127,0.0,0.002887908897966529,-0.012551892551892568,-0.01355311355311356,-0.023217097207039572,-0.004830590646642041,-0.0028815628815628547
EARLY_2010_2016,EL,-0.15768772385163218,0.23350427350427347,0.4229059829059829,-0.13853259904536014,0.4639316239316239,0.6608547008547008,0.39119199735590565,0.18940170940170944,0.23794871794871786,0.818542424706333,0.21127222562107845,0.0075213675213674225,0.0,0.07471787233916999,-0.005030525030525118,0.011746031746031893,0.08143337905467674,0.008494847066266631,-0.00630036630036615
EARLY_2010_2016,HU,-0.22609888387403224,0.20888888888888887,0.39555555555555555,-0.1915512480627202,0.4803418803418803,0.6745299145299145,0.4349877727629211,0.18666666666666668,0.27897435897435896,0.9006287984039467,0.23690535564167936,0.0075213675213675335,0.0,0.03092209693215453,-0.0022954822954823484,-0.02927960927960921,-0.0006529946429369993,-0.017138282954334283,-0.006300366300366261
EARLY_2010_2016,IE,-0.24833251088131225,0.23829059829059826,0.41743589743589743,-0.23841289267806423,0.5097435897435897,0.6970940170940171,0.48662310917191054,0.17914529914529917,0.27965811965811965,0.9454265279753293,0.26153337324974335,0.008205128205128226,0.0,-0.0207132394768349,0.005225885225885157,-0.0299633699633699,-0.045450724214319616,-0.04176630056239827,-0.006984126984126954
EARLY_2010_2016,IT,-0.2760390306903843,0.2287179487179487,0.4229059829059829,-0.29040537429508834,0.4605128205128205,0.6594871794871794,0.5047569794083331,0.1941880341880342,0.23658119658119647,0.9355262101775637,0.2461612153995758,0.0047863247863246805,1.1102230246251565e-16,-0.038847109713257444,-0.009816849816849882,0.013113553113553278,-0.03555040641655394,-0.026394142712230728,-0.0035653235653234083
EARLY_2010_2016,LV,-0.16555500725420816,0.19247863247863245,0.3839316239316239,-0.13716437584491212,0.48376068376068376,0.6649572649572648,0.35803363973284064,0.19145299145299144,0.2810256410256409,0.830512272211473,0.2628914198727552,-0.010256410256410387,1.1102230246251565e-16,0.107876229962235,-0.007081807081807112,-0.031330891330891175,0.06946353154953677,-0.04312434718541014,0.011477411477411659
EARLY_2010_2016,LT,-0.23293999987627226,0.18905982905982904,0.37982905982905973,-0.15460922165062418,0.5528205128205128,0.7264957264957265,0.42199982893610133,0.1907692307692307,0.34666666666666673,0.9594357263719987,0.28542990553503567,-0.017094017094017033,1.1102230246251565e-16,0.04391004075897431,-0.006398046398046364,-0.09697191697191698,-0.05945992261098898,-0.06566283284769059,0.018315018315018305
EARLY_2010_2016,LU,-0.12416625544065613,0.3285470085470085,0.4167521367521367,-0.14503165924748815,0.5343589743589743,0.669059829059829,0.45271326398766465,0.08820512820512816,0.2523076923076923,0.793226084500485,0.2266773696187978,0.04649572649572653,0.0,0.013196605707410991,0.09616605616605617,-0.002612942612942537,0.10674971926052468,-0.006910296931452731,-0.04527472527472526
EARLY_2010_2016,MT,-0.1604241702525282,0.40239316239316236,0.4523076923076923,-0.13853259904536014,0.6806837606837607,0.7155555555555554,0.5628173326456906,0.04991452991452994,0.2632478632478631,0.8759797258080836,0.2563990270834303,-0.015042735042735234,0.0,-0.09690746295061492,0.1344566544566544,-0.013553113553113338,0.02399607795292613,-0.03663195439608524,0.016263736263736506
EARLY_2010_2016,NL,-0.22298222918250932,0.2588034188034188,0.4393162393162393,-0.17339262299928257,0.5295726495726496,0.7114529914529912,0.4817856479859281,0.18051282051282053,0.2721367521367519,0.9344352206355006,0.2211796245860041,0.0013675213675211073,0.0,-0.01587577829085246,0.0038583638583638002,-0.022442002442002174,-0.034459416874490834,-0.0014125518986590202,-0.00014652014651983514
EARLY_2010_2016,PL,-0.21515309827044823,0.2533333333333333,0.4584615384615384,-0.1908671364624962,0.5029059829059829,0.7114529914529912,0.46848643160378156,0.20512820512820512,0.2529914529914528,0.9266060897234395,0.2252866877646975,0.00341880341880324,-1.1102230246251565e-16,-0.002576561908705921,-0.020757020757020794,-0.003296703296703063,-0.02663028596242978,-0.0055196150773524355,-0.002197802197801968
EARLY_2010_2016,PT,-0.23392614227122144,0.31008547008547005,0.5131623931623931,-0.16381669904665946,0.4721367521367521,0.671111111111111,0.5440116123566915,0.20307692307692304,0.1579487179487179,0.9050372533823324,0.09194183882672002,-0.004102564102564155,0.0,-0.07810174266161585,-0.018705738705738717,0.09174603174603185,-0.005061449621322711,0.12782523386062505,0.005323565323565427
EARLY_2010_2016,RO,-0.25483157108344023,0.2246153846153846,0.4147008547008547,-0.25791007328444826,0.4741880341880342,0.6663247863247863,0.47944695569882484,0.1900854700854701,0.2516239316239316,0.9211563574082265,0.25265115177365755,0.002051282051282022,0.0,-0.013537086003749199,-0.005714285714285783,-0.0019291819291818446,-0.021180553647216827,-0.03288407908631247,-0.0008302808302807496
EARLY_2010_2016,SK,-0.20451437584530766,0.25196581196581197,0.4605128205128205,-0.1980164274488848,0.4981196581196581,0.6916239316239315,0.45648018781111965,0.20854700854700853,0.23111111111111104,0.8961383074692392,0.23965589775742324,-0.015042735042735067,1.1102230246251565e-16,0.009429681883955987,-0.0241758241758242,0.018583638583638706,0.003837496291770548,-0.019888825070078164,0.01626373626373634
EARLY_2010_2016,SI,-0.23088766507560024,0.24786324786324784,0.43316239316239313,-0.21241665186955222,0.47350427350427343,0.6635897435897435,0.4787509129388481,0.1852991452991453,0.2304273504273504,0.8944774086653438,0.20717001243497757,0.004786324786324819,0.0,-0.012841043243772443,-0.0009279609279609635,0.019267399267399343,0.005498395095665964,0.012597060252367509,-0.003565323565323547
EARLY_2010_2016,ES,-0.21788954467134422,0.2526495726495726,0.45777777777777773,-0.13511204104424016,0.4666666666666667,0.6663247863247863,0.4705391173209168,0.20512820512820512,0.20854700854700858,0.8842143309961306,0.13123959038999,-0.005470085470085484,-1.1102230246251565e-16,-0.00462924762584116,-0.020757020757020794,0.04114774114774117,0.01576147276487916,0.08852748229735508,0.006691086691086756
EARLY_2010_2016,SE,-0.15768772385163218,0.31145299145299143,0.5015384615384615,-0.15837183545185618,0.5261538461538461,0.7278632478632477,0.46914071530462365,0.19008547008547005,0.22632478632478625,0.88555097171488,0.21538496630107862,0.011623931623931605,0.0,-0.0032308456095480054,-0.005714285714285727,0.023369963369963498,0.014424832046129765,0.00438210638626646,-0.010402930402930333
LATE_2017_2023,AT,0.09948717948717947,0.6054700854700855,0.4133333333333333,0.08376068376068375,0.4516239316239316,0.4215384615384615,0.5059829059829061,-0.19213675213675224,0.008205128205128198,0.322051282051282,-0.1381196581196582,0.1620512820512821,5.551115123125783e-17,0.00012210012210001064,0.012649572649572727,-0.0008791208791207872,0.011892551892552006,0.0044200244200245375,-0.01492063492063489
LATE_2017_2023,BE,0.08854700854700855,0.6082051282051281,0.4133333333333333,0.09606837606837607,0.47008547008547,0.4140170940170939,0.5196581196581195,-0.1948717948717948,0.0006837606837606369,0.3254700854700854,-0.14564102564102555,0.13880341880341868,-5.551115123125783e-17,-0.013553113553113394,0.015384615384615274,0.006642246642246774,0.008473748473748599,0.011941391941391877,0.008327228327228542
LATE_2017_2023,BG,0.10153846153846154,0.576068376068376,0.40170940170940167,0.11042735042735041,0.4092307692307692,0.38051282051282054,0.4745299145299145,-0.17435897435897435,-0.021196581196581132,0.278974358974359,-0.17572649572649574,0.1456410256410257,0.0,0.031575091575091585,-0.0051282051282051655,0.028522588522588543,0.05496947496947496,0.042026862026862066,0.0014896214896215065
LATE_2017_2023,HR,0.1282051282051282,0.5555555555555555,0.4058119658119658,0.12136752136752137,0.3976068376068376,0.41538461538461535,0.4273504273504273,-0.14974358974358964,0.009572649572649528,0.28717948717948716,-0.15111111111111103,0.16752136752136737,0.0,0.07875457875457881,-0.02974358974358987,-0.0022466422466421165,0.04676434676434682,0.01741147741147736,-0.020390720390720152
LATE_2017_2023,CY,0.13094017094017094,0.5767521367521368,0.40307692307692305,0.07897435897435896,0.4543589743589744,0.44341880341880335,0.4458119658119658,-0.1736752136752137,0.0403418803418803,0.3124786324786324,-0.07042735042735038,0.1627350427350427,0.0,0.06029304029304028,-0.005811965811965802,-0.03301587301587289,0.02146520146520159,-0.06327228327228329,-0.015604395604395471
LATE_2017_2023,CZ,0.0776068376068376,0.6123076923076922,0.40239316239316236,0.07829059829059828,0.4776068376068376,0.4256410256410256,0.5347008547008546,-0.20991452991452986,0.023247863247863265,0.348034188034188,-0.13538461538461533,0.1579487179487179,0.0,-0.028595848595848516,0.03042735042735034,-0.015921855921855854,-0.01409035409035403,0.0016849816849816568,-0.01081807081807068
LATE_2017_2023,DK,0.0899145299145299,0.619145299145299,0.44,0.08170940170940172,0.46529914529914523,0.4427350427350427,0.5292307692307692,-0.17914529914529903,0.0027350427350427142,0.3528205128205128,-0.14564102564102566,0.1565811965811965,5.551115123125783e-17,-0.023125763125763088,-0.000341880341880485,0.004590964590964697,-0.01887667887667882,0.011941391941391988,-0.009450549450549295
LATE_2017_2023,EE,0.002393162393162393,0.5521367521367521,0.35794871794871796,-0.004444444444444444,0.39555555555555555,0.3647863247863247,0.5497435897435897,-0.1941880341880341,0.006837606837606758,0.3623931623931623,-0.14974358974358976,0.16341880341880327,5.551115123125783e-17,-0.04363858363858364,0.014700854700854582,0.0004884004884006532,-0.028449328449328348,0.016043956043956087,-0.016288156288156053
LATE_2017_2023,FI,0.14871794871794874,0.6423931623931624,0.4147008547008547,0.14529914529914528,0.5117948717948718,0.42495726495726494,0.4936752136752136,-0.22769230769230764,0.01025641025641022,0.2762393162393162,-0.12717948717948707,0.14085470085470075,0.0,0.012429792429792474,0.04820512820512812,-0.002930402930402809,0.05770451770451779,-0.006520146520146597,0.006275946275946465
LATE_2017_2023,FR,0.09333333333333332,0.612991452991453,0.42222222222222217,0.11452991452991453,0.46871794871794875,0.42905982905982903,0.5196581196581196,-0.1907692307692308,0.006837606837606869,0.3357264957264957,-0.16547008547008535,0.15111111111111108,-5.551115123125783e-17,-0.013553113553113505,0.011282051282051286,0.0004884004884005422,-0.001782661782661732,0.03177045177045168,-0.003980463980463866
LATE_2017_2023,DE,0.07350427350427349,0.5801709401709401,0.4605128205128205,0.07282051282051281,0.4468376068376068,0.4646153846153846,0.5066666666666666,-0.11965811965811957,0.004102564102564099,0.3911111111111111,-0.1326495726495726,0.13743589743589735,5.551115123125783e-17,-0.0005616605616605153,-0.05982905982905995,0.003223443223443312,-0.0571672771672771,-0.0010500610500610574,0.009694749694749871
LATE_2017_2023,EL,0.06188034188034188,0.5801709401709401,0.38598290598290597,0.07897435897435896,0.4516239316239316,0.4229059829059829,0.5182905982905982,-0.1941880341880341,0.03692307692307695,0.36102564102564105,-0.14564102564102555,0.1654700854700854,0.0,-0.01218559218559212,0.014700854700854582,-0.029597069597069536,-0.027081807081807074,0.011941391941391877,-0.018339438339438185
LATE_2017_2023,HU,0.06735042735042734,0.6307692307692306,0.41880341880341876,0.034529914529914524,0.5364102564102563,0.42495726495726494,0.5634188034188032,-0.21196581196581188,0.006153846153846176,0.3576068376068376,-0.06153846153846143,0.10051282051282051,-5.551115123125783e-17,-0.057313797313797155,0.03247863247863236,0.0011721611721612346,-0.023663003663003612,-0.07216117216117224,0.04661782661782671
LATE_2017_2023,IE,0.09196581196581195,0.615042735042735,0.41059829059829056,0.10495726495726496,0.4789743589743589,0.49606837606837606,0.523076923076923,-0.20444444444444443,0.0854700854700855,0.4041025641025641,-0.14905982905982906,0.22153846153846157,-5.551115123125783e-17,-0.01697191697191691,0.024957264957264913,-0.07814407814407809,-0.07015873015873014,0.015360195360195394,-0.07440781440781435
LATE_2017_2023,IT,0.14051282051282052,0.5842735042735042,0.4536752136752136,0.12205128205128205,0.4441025641025641,0.43589743589743585,0.44376068376068367,-0.13059829059829065,-0.017777777777777726,0.29538461538461536,-0.12170940170940159,0.12239316239316239,-5.551115123125783e-17,0.06234432234432241,-0.04888888888888887,0.025103785103785137,0.03855921855921862,-0.01199023199023208,0.024737484737484827
LATE_2017_2023,LV,0.08170940170940172,0.5733333333333333,0.4536752136752136,0.08376068376068375,0.4379487179487179,0.43589743589743585,0.49162393162393153,-0.11965811965811968,-0.017777777777777726,0.35418803418803413,-0.13743589743589735,0.1176068376068376,0.0,0.014481074481074552,-0.05982905982905984,0.025103785103785137,-0.02024420024420015,0.0037362637362636786,0.02952380952380962
LATE_2017_2023,LT,0.06461538461538462,0.576068376068376,0.40717948717948715,0.06803418803418802,0.442051282051282,0.41811965811965807,0.5114529914529914,-0.16888888888888887,0.010940170940170912,0.35350427350427344,-0.1374358974358974,0.1449572649572649,0.0,-0.005347985347985307,-0.01059829059829065,-0.0036141636141635014,-0.019560439560439458,0.003736263736263734,0.00217338217338231
LATE_2017_2023,LU,0.13435897435897434,0.606153846153846,0.3866666666666666,0.1152136752136752,0.4748717948717948,0.401025641025641,0.4717948717948717,-0.21948717948717944,0.014358974358974375,0.2666666666666666,-0.11213675213675206,0.1456410256410256,0.0,0.03431013431013441,0.039999999999999925,-0.007032967032966964,0.06727716727716737,-0.02156288156288161,0.0014896214896216176
LATE_2017_2023,MT,0.21846153846153846,0.6902564102564103,0.5227350427350427,0.21162393162393162,0.5494017094017093,0.535042735042735,0.4717948717948718,-0.1675213675213676,0.012307692307692353,0.31658119658119654,-0.1340170940170941,0.15316239316239333,0.0,0.0343101343101343,-0.011965811965811923,-0.004981684981684942,0.017362637362637434,0.00031746031746043846,-0.00603174603174611
LATE_2017_2023,NL,0.052307692307692305,0.561025641025641,0.45777777777777773,0.05846153846153846,0.43042735042735036,0.4584615384615384,0.5087179487179487,-0.10324786324786328,0.0006837606837606924,0.4061538461538461,-0.13675213675213682,0.13128205128205134,5.551115123125783e-17,-0.002612942612942648,-0.07623931623931623,0.006642246642246719,-0.07221001221001211,0.0030525030525031527,0.01584859584859588
LATE_2017_2023,PL,0.032478632478632474,0.5965811965811965,0.4755555555555555,0.05709401709401708,0.45299145299145294,0.4488888888888889,0.564102564102564,-0.12102564102564095,-0.026666666666666616,0.4164102564102564,-0.16820512820512812,0.11692307692307691,0.0,-0.0579975579975579,-0.058461538461538565,0.03399267399267403,-0.08246642246642244,0.03450549450549445,0.03020757020757031
LATE_2017_2023,PT,0.10495726495726496,0.5842735042735042,0.3634188034188034,0.1029059829059829,0.4570940170940171,0.3941880341880341,0.47931623931623923,-0.22085470085470083,0.030769230769230715,0.2892307692307692,-0.12512820512820505,0.15794871794871784,-5.551115123125783e-17,0.02678876678876685,0.04136752136752131,-0.023443223443223304,0.0447130647130648,-0.008571428571428619,-0.010818070818070624
LATE_2017_2023,RO,0.059829059829059825,0.5794871794871794,0.40170940170940167,0.052307692307692305,0.41059829059829056,0.38051282051282054,0.5196581196581196,-0.17777777777777776,-0.021196581196581132,0.3206837606837607,-0.1613675213675213,0.14769230769230773,0.0,-0.013553113553113505,-0.0017094017094017588,0.028522588522588543,0.01326007326007328,0.027667887667887636,-0.0005616605616605153
LATE_2017_2023,SK,0.12273504273504272,0.6307692307692306,0.416068376068376,0.16102564102564101,0.5364102564102563,0.41743589743589743,0.5080341880341879,-0.21470085470085465,0.0013675213675214404,0.2947008547008547,-0.13264957264957256,0.09572649572649577,-5.551115123125783e-17,-0.001929181929181789,0.03521367521367513,0.005958485958485971,0.03924297924297926,-0.001050061050061113,0.051404151404151444
LATE_2017_2023,SI,0.09333333333333332,0.615042735042735,0.4297435897435897,0.06188034188034188,0.44068376068376064,0.41811965811965807,0.5217094017094017,-0.18529914529914526,-0.01162393162393166,0.32478632478632474,-0.14290598290598294,0.1627350427350427,5.551115123125783e-17,-0.015604395604395638,0.005811965811965747,0.01894993894993907,0.009157509157509236,0.009206349206349274,-0.015604395604395471
LATE_2017_2023,ES,0.1063247863247863,0.6102564102564102,0.41743589743589743,0.06803418803418802,0.44752136752136745,0.42837606837606834,0.5039316239316239,-0.19282051282051277,0.010940170940170912,0.32205128205128203,-0.12444444444444452,0.17367521367521366,5.551115123125783e-17,0.0021733821733821435,0.013333333333333253,-0.0036141636141635014,0.01189255189255195,-0.009255189255189145,-0.02654456654456644
LATE_2017_2023,SE,0.06803418803418802,0.6082051282051281,0.40717948717948715,0.009230769230769232,0.4762393162393162,0.39829059829059826,0.54017094017094,-0.2010256410256409,-0.00888888888888889,0.3302564102564102,-0.07316239316239304,0.12307692307692297,0.0,-0.034065934065933945,0.021538461538461395,0.0162148962148963,0.003687423687423752,-0.06053724053724063,0.024053724053724246
