period,analysis_label,geo,spec,estimator,cmur_mode,years,n_years,CMUR,DMC,RMC,TERR,CFOOT
FULL_2010_2023,primary,AT,primary_common_pc,OLS,pp,2010-2023,14,0.46197802197801874,0.007097422628061817,0.008482036489129338,0.017199226731731142,0.013970808105932781
FULL_2010_2023,primary,BE,primary_common_pc,OLS,pp,2010-2023,14,0.5338461538461536,0.009791138573222145,0.01779476480303815,0.02182785221156428,0.02035528291314555
FULL_2010_2023,primary,BG,primary_common_pc,OLS,pp,2010-2023,14,0.21692307692307616,-0.0283877847637859,-0.041630092820472,0.003256955452647425,-0.0070957069805913575
FULL_2010_2023,primary,HR,primary_common_pc,OLS,pp,2010-2023,14,0.32131868131868024,-0.01697912756524536,-0.014983230303764552,-0.0016257853532976195,-0.011419157556648204
FULL_2010_2023,primary,CY,primary_common_pc,OLS,pp,2010-2023,14,0.36219780219779746,0.00899470822666715,0.009800759612686285,0.009945842711918151,0.01378443269023849
FULL_2010_2023,primary,CZ,primary_common_pc,OLS,pp,2010-2023,14,0.6156043956043893,0.003762111151553908,-0.001964523688753195,0.01954572533650457,0.012708189290676014
FULL_2010_2023,primary,DK,primary_common_pc,OLS,pp,2010-2023,14,0.10725274725274421,-0.006219357714132252,-0.014468595974970036,0.03879163332152221,0.019577181381902786
FULL_2010_2023,primary,EE,primary_common_pc,OLS,pp,2010-2023,14,0.603516483516483,-0.001025394931605949,-0.0033610115355586796,0.052530181472397616,0.023471438086121718
FULL_2010_2023,primary,FI,primary_common_pc,OLS,pp,2010-2023,14,-0.5380219780219733,0.006860744976206743,0.009345462115101549,0.04033429677525207,0.032098163868715016
FULL_2010_2023,primary,FR,primary_common_pc,OLS,pp,2010-2023,14,-0.11714285714285537,0.007869524443668204,0.007787615803104178,0.02416055218030393,0.021069062886092733
FULL_2010_2023,primary,DE,primary_common_pc,OLS,pp,2010-2023,14,0.21274725274724973,0.015034131305449708,-0.0019495145033434386,0.026142977049978644,0.019937922640967436
FULL_2010_2023,primary,EL,primary_common_pc,OLS,pp,2010-2023,14,0.3206593406593357,0.034654679128397016,0.03272631622576255,0.032822931306744206,0.028654475040789728
FULL_2010_2023,primary,HU,primary_common_pc,OLS,pp,2010-2023,14,0.009450549450550178,-0.03523712768131087,-0.04918988512444411,0.0019828200240636687,-0.005111004790200879
FULL_2010_2023,primary,IE,primary_common_pc,OLS,pp,2010-2023,14,-0.0021978021978023283,-0.009075523420293795,-0.01949396419488649,0.01371766319713161,-0.009143064281672716
FULL_2010_2023,primary,IT,primary_common_pc,OLS,pp,2010-2023,14,0.7171428571428538,0.02003686369231924,0.02093966759428749,0.020146935299358265,0.017881971303197436
FULL_2010_2023,primary,LV,primary_common_pc,OLS,pp,2010-2023,14,0.2523076923076921,-0.03295908842362544,-0.024272626724510603,-0.001000725166579304,0.0012409120117897348
FULL_2010_2023,primary,LT,primary_common_pc,OLS,pp,2010-2023,14,0.03824175824175798,-0.04005448658649732,-0.03206167335134362,0.0004127644641793589,0.01081882926212872
FULL_2010_2023,primary,LU,primary_common_pc,OLS,pp,2010-2023,14,-0.8375824175824199,-0.0030602521826157444,0.027145523207688572,0.050093726601678795,0.035380830483410376
FULL_2010_2023,primary,MT,primary_common_pc,OLS,pp,2010-2023,14,1.3257142857142679,-0.023877374640156778,-0.0003570843477145931,0.054187613383168014,0.028366751892984626
FULL_2010_2023,primary,NL,primary_common_pc,OLS,pp,2010-2023,14,0.45054945054944767,0.026007410310468566,0.003597229465914424,0.030139933368492296,0.018822978045313746
FULL_2010_2023,primary,PL,primary_common_pc,OLS,pp,2010-2023,14,-0.36395604395603964,-0.0019196544057532377,-0.00016009954325885888,0.0034588260030328478,0.005212576076533233
FULL_2010_2023,primary,PT,primary_common_pc,OLS,pp,2010-2023,14,0.08813186813186737,0.007385208823302788,0.006092576466455337,0.01762681491703847,0.015139292261103967
FULL_2010_2023,primary,RO,primary_common_pc,OLS,pp,2010-2023,14,-0.12659340659340632,-0.05230471571031686,-0.05340112362272547,0.006613004340756272,-0.012304001231243063
FULL_2010_2023,primary,SK,primary_common_pc,OLS,pp,2010-2023,14,0.5760439560439484,0.00783179907079106,-0.0069949148822003974,0.015571420247718662,0.003056835112745005
FULL_2010_2023,primary,SI,primary_common_pc,OLS,pp,2010-2023,14,0.1591208791208812,-0.002727495779910215,0.0005081196830302513,0.0211437657061086,0.01246590442187579
FULL_2010_2023,primary,ES,primary_common_pc,OLS,pp,2010-2023,14,-0.05252747252747259,0.01214924095673572,0.009987398845510774,0.021724565554501665,0.012969422003911591
FULL_2010_2023,primary,SE,primary_common_pc,OLS,pp,2010-2023,14,0.2116483516483485,-0.005676395673856235,0.003388192634036226,0.034294721825684965,0.035812901260521536
FULL_2010_2023,published_pc,AT,published_pc,OLS,pp,2010-2023,14,0.46197802197801874,0.007097122062158515,0.008482996312290408,0.017246153157414776,0.013970807571215767
FULL_2010_2023,published_pc,BE,published_pc,OLS,pp,2010-2023,14,0.5338461538461536,0.00979150747722098,0.01779588352350695,0.02156940458718597,0.020371231358711474
FULL_2010_2023,published_pc,BG,published_pc,OLS,pp,2010-2023,14,0.21692307692307616,-0.02838658296607518,-0.04162862184701227,0.003234456975640316,-0.007095710358807078
FULL_2010_2023,published_pc,HR,published_pc,OLS,pp,2010-2023,14,0.32131868131868024,-0.016980147319859792,-0.014981391442280386,-0.0017383830551758734,-0.011419154744320975
FULL_2010_2023,published_pc,CY,published_pc,OLS,pp,2010-2023,14,0.36219780219779746,0.008994564490173074,0.009799840003977317,0.01007346018869598,0.013757453098279495
FULL_2010_2023,published_pc,CZ,published_pc,OLS,pp,2010-2023,14,0.6156043956043893,0.0037640305189064315,-0.001964516945031735,0.019949780239615324,0.012708188918847927
FULL_2010_2023,published_pc,DK,published_pc,OLS,pp,2010-2023,14,0.10725274725274421,-0.006219180461105,-0.014467242098705072,0.038805253950347084,0.019577182348981554
FULL_2010_2023,published_pc,EE,published_pc,OLS,pp,2010-2023,14,0.603516483516483,-0.0010256832821503236,-0.0033592315539861467,0.052714030807217316,0.023468284884257503
FULL_2010_2023,published_pc,FI,published_pc,OLS,pp,2010-2023,14,-0.5380219780219733,0.006860619396910617,0.009345556939972629,0.040107339365799244,0.03209816402494724
FULL_2010_2023,published_pc,FR,published_pc,OLS,pp,2010-2023,14,-0.11714285714285537,0.007872488338006222,0.007787856004298968,0.02445411892955524,0.020946039780531885
FULL_2010_2023,published_pc,DE,published_pc,OLS,pp,2010-2023,14,0.21274725274724973,0.015031773992916641,-0.001949147456416183,0.026181843777483324,0.01993792508801741
FULL_2010_2023,published_pc,EL,published_pc,OLS,pp,2010-2023,14,0.3206593406593357,0.03465473062635242,0.03272525282855982,0.033055609878194274,0.029051390552861912
FULL_2010_2023,published_pc,HU,published_pc,OLS,pp,2010-2023,14,0.009450549450550178,-0.03523713571307632,-0.04918961069369005,0.0017113470189211292,-0.005209878105024892
FULL_2010_2023,published_pc,IE,published_pc,OLS,pp,2010-2023,14,-0.0021978021978023283,-0.009075698819204423,-0.0194932701730018,0.013577541283418927,-0.009143061461963009
FULL_2010_2023,published_pc,IT,published_pc,OLS,pp,2010-2023,14,0.7171428571428538,0.020037729425008147,0.020942068869405726,0.0199096440719708,0.017881969880755577
FULL_2010_2023,published_pc,LV,published_pc,OLS,pp,2010-2023,14,0.2523076923076921,-0.03295709518838562,-0.02427065167889459,-0.0013968628462793298,0.0011340446152211681
FULL_2010_2023,published_pc,LT,published_pc,OLS,pp,2010-2023,14,0.03824175824175798,-0.040054377575030504,-0.03206147936285872,0.0006979421543895716,0.010818829432161246
FULL_2010_2023,published_pc,LU,published_pc,OLS,pp,2010-2023,14,-0.8375824175824199,-0.0030606634573494664,0.027145169945390207,0.05008559562264412,0.03538083073234517
FULL_2010_2023,published_pc,MT,published_pc,OLS,pp,2010-2023,14,1.3257142857142679,-0.023877718206439334,-0.0003572568191055531,0.054462433739708244,0.02836675105448669
FULL_2010_2023,published_pc,NL,published_pc,OLS,pp,2010-2023,14,0.45054945054944767,0.02600426765780708,0.0036012470906129934,0.029663790032640275,0.018822980239472337
FULL_2010_2023,published_pc,PL,published_pc,OLS,pp,2010-2023,14,-0.36395604395603964,-0.0019194990627814021,-0.00016022512637833434,0.003382002161239776,0.00521257480611139
FULL_2010_2023,published_pc,PT,published_pc,OLS,pp,2010-2023,14,0.08813186813186737,0.005356951483939882,0.006091731935724166,0.01576129596253918,0.013192280029487783
FULL_2010_2023,published_pc,RO,published_pc,OLS,pp,2010-2023,14,-0.12659340659340632,-0.052304078981126025,-0.05340033076499703,0.006446041698695054,-0.012305685434421367
FULL_2010_2023,published_pc,SK,published_pc,OLS,pp,2010-2023,14,0.5760439560439484,0.007832972368611558,-0.006994853915434612,0.015421023860369622,0.0030568323117869628
FULL_2010_2023,published_pc,SI,published_pc,OLS,pp,2010-2023,14,0.1591208791208812,-0.00272677569369893,0.0005083164237397577,0.021169196192592787,0.01246590446007077
FULL_2010_2023,published_pc,ES,published_pc,OLS,pp,2010-2023,14,-0.05252747252747259,0.012149102905756527,0.00998692844526884,0.021755323713706042,0.012969423808738874
FULL_2010_2023,published_pc,SE,published_pc,OLS,pp,2010-2023,14,0.2116483516483485,-0.005675804150600624,0.0033882051764412605,0.03423529226459173,0.03581290373136886
FULL_2010_2023,common_log_CMUR,AT,primary_common_pc,OLS,log,2010-2023,14,0.047195670738339655,0.007097422628061817,0.008482036489129338,0.017199226731731142,0.013970808105932781
FULL_2010_2023,common_log_CMUR,BE,primary_common_pc,OLS,log,2010-2023,14,0.029821545641498214,0.009791138573222145,0.01779476480303815,0.02182785221156428,0.02035528291314555
FULL_2010_2023,common_log_CMUR,BG,primary_common_pc,OLS,log,2010-2023,14,0.0688460500954781,-0.0283877847637859,-0.041630092820472,0.003256955452647425,-0.0070957069805913575
FULL_2010_2023,common_log_CMUR,HR,primary_common_pc,OLS,log,2010-2023,14,0.08176280595045027,-0.01697912756524536,-0.014983230303764552,-0.0016257853532976195,-0.011419157556648204
FULL_2010_2023,common_log_CMUR,CY,primary_common_pc,OLS,log,2010-2023,14,0.0972873256908454,0.00899470822666715,0.009800759612686285,0.009945842711918151,0.01378443269023849
FULL_2010_2023,common_log_CMUR,CZ,primary_common_pc,OLS,log,2010-2023,14,0.07218359851379036,0.003762111151553908,-0.001964523688753195,0.01954572533650457,0.012708189290676014
FULL_2010_2023,common_log_CMUR,DK,primary_common_pc,OLS,log,2010-2023,14,0.013546267707021714,-0.006219357714132252,-0.014468595974970036,0.03879163332152221,0.019577181381902786
FULL_2010_2023,common_log_CMUR,EE,primary_common_pc,OLS,log,2010-2023,14,0.04030177225532902,-0.001025394931605949,-0.0033610115355586796,0.052530181472397616,0.023471438086121718
FULL_2010_2023,common_log_CMUR,FI,primary_common_pc,OLS,log,2010-2023,14,-0.08045422613401405,0.006860744976206743,0.009345462115101549,0.04033429677525207,0.032098163868715016
FULL_2010_2023,common_log_CMUR,FR,primary_common_pc,OLS,log,2010-2023,14,-0.007047664303181262,0.007869524443668204,0.007787615803104178,0.02416055218030393,0.021069062886092733
FULL_2010_2023,common_log_CMUR,DE,primary_common_pc,OLS,log,2010-2023,14,0.017488019925703587,0.015034131305449708,-0.0019495145033434386,0.026142977049978644,0.019937922640967436
FULL_2010_2023,common_log_CMUR,EL,primary_common_pc,OLS,log,2010-2023,14,0.09825620003119503,0.034654679128397016,0.03272631622576255,0.032822931306744206,0.028654475040789728
FULL_2010_2023,common_log_CMUR,HU,primary_common_pc,OLS,log,2010-2023,14,0.0007567668640474388,-0.03523712768131087,-0.04918988512444411,0.0019828200240636687,-0.005111004790200879
FULL_2010_2023,common_log_CMUR,IE,primary_common_pc,OLS,log,2010-2023,14,-0.0010601390275083522,-0.009075523420293795,-0.01949396419488649,0.01371766319713161,-0.009143064281672716
FULL_2010_2023,common_log_CMUR,IT,primary_common_pc,OLS,log,2010-2023,14,0.044883847638858256,0.02003686369231924,0.02093966759428749,0.020146935299358265,0.017881971303197436
FULL_2010_2023,common_log_CMUR,LV,primary_common_pc,OLS,log,2010-2023,14,0.08429641392910307,-0.03295908842362544,-0.024272626724510603,-0.001000725166579304,0.0012409120117897348
FULL_2010_2023,common_log_CMUR,LT,primary_common_pc,OLS,log,2010-2023,14,0.010195321102711036,-0.04005448658649732,-0.03206167335134362,0.0004127644641793589,0.01081882926212872
FULL_2010_2023,common_log_CMUR,LU,primary_common_pc,OLS,log,2010-2023,14,-0.0575972360865102,-0.0030602521826157444,0.027145523207688572,0.050093726601678795,0.035380830483410376
FULL_2010_2023,common_log_CMUR,MT,primary_common_pc,OLS,log,2010-2023,14,0.13118527197892543,-0.023877374640156778,-0.0003570843477145931,0.054187613383168014,0.028366751892984626
FULL_2010_2023,common_log_CMUR,NL,primary_common_pc,OLS,log,2010-2023,14,0.01637645586895879,0.026007410310468566,0.003597229465914424,0.030139933368492296,0.018822978045313746
FULL_2010_2023,common_log_CMUR,PL,primary_common_pc,OLS,log,2010-2023,14,-0.03956511302642062,-0.0019196544057532377,-0.00016009954325885888,0.0034588260030328478,0.005212576076533233
FULL_2010_2023,common_log_CMUR,PT,primary_common_pc,OLS,log,2010-2023,14,0.036376966115610136,0.007385208823302788,0.006092576466455337,0.01762681491703847,0.015139292261103967
FULL_2010_2023,common_log_CMUR,RO,primary_common_pc,OLS,log,2010-2023,14,-0.060026794367571384,-0.05230471571031686,-0.05340112362272547,0.006613004340756272,-0.012304001231243063
FULL_2010_2023,common_log_CMUR,SK,primary_common_pc,OLS,log,2010-2023,14,0.08022034240298062,0.00783179907079106,-0.0069949148822003974,0.015571420247718662,0.003056835112745005
FULL_2010_2023,common_log_CMUR,SI,primary_common_pc,OLS,log,2010-2023,14,0.019831032636286095,-0.002727495779910215,0.0005081196830302513,0.0211437657061086,0.01246590442187579
FULL_2010_2023,common_log_CMUR,ES,primary_common_pc,OLS,log,2010-2023,14,-0.005318799145240852,0.01214924095673572,0.009987398845510774,0.021724565554501665,0.012969422003911591
FULL_2010_2023,common_log_CMUR,SE,primary_common_pc,OLS,log,2010-2023,14,0.02300551738667501,-0.005676395673856235,0.003388192634036226,0.034294721825684965,0.035812901260521536
FULL_2010_2023,Theil_Sen,AT,primary_common_pc,THEIL_SEN,pp,2010-2023,14,0.4750000000000001,0.005761144830351039,0.01051229708022554,0.0173002448871523,0.015614656539303606
FULL_2010_2023,Theil_Sen,BE,primary_common_pc,THEIL_SEN,pp,2010-2023,14,0.5500000000000002,0.010757571516988232,0.016789787027979397,0.020991977944609424,0.0208536396343475
FULL_2010_2023,Theil_Sen,BG,primary_common_pc,THEIL_SEN,pp,2010-2023,14,0.2250000000000001,-0.030149547978922515,-0.04389924484950649,0.0005003975827383803,-0.0047468498552219185
FULL_2010_2023,Theil_Sen,HR,primary_common_pc,THEIL_SEN,pp,2010-2023,14,0.3,-0.020883900242398168,-0.014784268057982417,-0.0039954749844342,-0.013937127231674173
FULL_2010_2023,Theil_Sen,CY,primary_common_pc,THEIL_SEN,pp,2010-2023,14,0.25,-0.0035248796220022083,-0.007270020366898766,0.011202205157988013,0.0099943513471078
FULL_2010_2023,Theil_Sen,CZ,primary_common_pc,THEIL_SEN,pp,2010-2023,14,0.6166666666666666,0.0014176133888792464,-0.0027936393301055684,0.01899903854092866,0.012945045669146449
FULL_2010_2023,Theil_Sen,DK,primary_common_pc,THEIL_SEN,pp,2010-2023,14,0.10000000000000053,-0.007149088190237051,-0.011328388043222079,0.03910302444401986,0.019208217834763616
FULL_2010_2023,Theil_Sen,EE,primary_common_pc,THEIL_SEN,pp,2010-2023,14,0.6888888888888888,-0.001107305576218702,-0.004080596534075165,0.04771364635663122,0.016100049077529942
FULL_2010_2023,Theil_Sen,FI,primary_common_pc,THEIL_SEN,pp,2010-2023,14,-0.45454545454545453,0.008664410198838957,0.009082547073834565,0.040548510114815244,0.0334084791608566
FULL_2010_2023,Theil_Sen,FR,primary_common_pc,THEIL_SEN,pp,2010-2023,14,-0.07000000000000028,0.008143561871087036,0.0076853295550244815,0.02284871898057563,0.020191891286937436
FULL_2010_2023,Theil_Sen,DE,primary_common_pc,THEIL_SEN,pp,2010-2023,14,0.19999999999999987,0.015302716454256515,-0.0017155125754990876,0.024908561032386256,0.01924940418774122
FULL_2010_2023,Theil_Sen,EL,primary_common_pc,THEIL_SEN,pp,2010-2023,14,0.35714285714285715,0.03434388151508862,0.03070382600072652,0.03168173747235695,0.028297700563302868
FULL_2010_2023,Theil_Sen,HU,primary_common_pc,THEIL_SEN,pp,2010-2023,14,0.012499999999999956,-0.03603732066032124,-0.04691108676518274,0.0006582312359517672,-0.004162847889565641
FULL_2010_2023,Theil_Sen,IE,primary_common_pc,THEIL_SEN,pp,2010-2023,14,0.0,-0.010392056203006353,-0.021301950206882747,0.012597167590182671,-0.006347966616974565
FULL_2010_2023,Theil_Sen,IT,primary_common_pc,THEIL_SEN,pp,2010-2023,14,0.6599999999999999,0.010541614752564174,0.016193652312069373,0.018808846619902342,0.01459094936874687
FULL_2010_2023,Theil_Sen,LV,primary_common_pc,THEIL_SEN,pp,2010-2023,14,0.21000000000000002,-0.03629693428319566,-0.02343256104286853,-0.0007618466144185013,0.0022829725689116342
FULL_2010_2023,Theil_Sen,LT,primary_common_pc,THEIL_SEN,pp,2010-2023,14,0.03333333333333336,-0.04064651325673414,-0.033135345785789805,-0.0023915704661008025,0.011119086315068551
FULL_2010_2023,Theil_Sen,LU,primary_common_pc,THEIL_SEN,pp,2010-2023,14,-0.8083333333333335,-0.0032252231610390703,0.02607450419267478,0.052193527119330195,0.03500763350148159
FULL_2010_2023,Theil_Sen,MT,primary_common_pc,THEIL_SEN,pp,2010-2023,14,1.2999999999999998,-0.02014580200306217,-0.0002379829771270714,0.04947716975127662,0.029729665918151894
FULL_2010_2023,Theil_Sen,NL,primary_common_pc,THEIL_SEN,pp,2010-2023,14,0.45000000000000046,0.02562871362556418,0.001602743687888264,0.029970422717191397,0.017339151173795697
FULL_2010_2023,Theil_Sen,PL,primary_common_pc,THEIL_SEN,pp,2010-2023,14,-0.40000000000000036,-0.004360835584549694,-0.0018417923701570804,0.003999619438531443,0.006270259140034406
FULL_2010_2023,Theil_Sen,PT,primary_common_pc,THEIL_SEN,pp,2010-2023,14,0.09090909090909088,0.007941866671348607,0.004977149257095232,0.017412548810657368,0.015025365165248954
FULL_2010_2023,Theil_Sen,RO,primary_common_pc,THEIL_SEN,pp,2010-2023,14,-0.10000000000000009,-0.048749398871249114,-0.05296042848567524,0.006218812707567678,-0.015317126044309681
FULL_2010_2023,Theil_Sen,SK,primary_common_pc,THEIL_SEN,pp,2010-2023,14,0.53,0.009139009507802292,-0.006608235430712576,0.015490998888041174,0.002122074900432702
FULL_2010_2023,Theil_Sen,SI,primary_common_pc,THEIL_SEN,pp,2010-2023,14,0.125,-0.00954360333219908,-0.002262802384309845,0.02187868672962623,0.010661801611159039
FULL_2010_2023,Theil_Sen,ES,primary_common_pc,THEIL_SEN,pp,2010-2023,14,-0.050000000000000044,0.00192546241843079,-0.0021173614969542064,0.020770835079132133,0.01282290073629988
FULL_2010_2023,Theil_Sen,SE,primary_common_pc,THEIL_SEN,pp,2010-2023,14,0.06666666666666672,-0.008285861591732205,0.0035993592291192478,0.03269231721953303,0.0347236036998857
FULL_2010_2023,total_scale,AT,total_scale,OLS,pp,2010-2023,14,0.46197802197801874,0.00022682784521241143,0.0016114417062804633,0.010328631948881848,0.0071002133230834074
FULL_2010_2023,total_scale,BE,total_scale,OLS,pp,2010-2023,14,0.5338461538461536,0.00449272057094943,0.012496346800765345,0.0165294342092917,0.015056864910872799
FULL_2010_2023,total_scale,BG,total_scale,OLS,pp,2010-2023,14,0.21692307692307616,-0.01668409260295342,-0.029926400659639637,0.014960647613480075,0.004607985180240979
FULL_2010_2023,total_scale,HR,total_scale,OLS,pp,2010-2023,14,0.32131868131868024,-0.0072813591566536304,-0.005285461895172726,0.008071983055293944,-0.001721389148056479
FULL_2010_2023,total_scale,CY,total_scale,OLS,pp,2010-2023,14,0.36219780219779746,-0.0002480566635295526,0.0005579947224890762,0.0007030778217209195,0.004541667800041506
FULL_2010_2023,total_scale,CZ,total_scale,OLS,pp,2010-2023,14,0.6156043956043893,0.001849638342423488,-0.003876996497884056,0.01763325252737363,0.010795716481545365
FULL_2010_2023,total_scale,DK,total_scale,OLS,pp,2010-2023,14,0.10725274725274421,-0.011573535128818962,-0.01982277338965696,0.033437455906835396,0.014223003967215733
FULL_2010_2023,total_scale,EE,total_scale,OLS,pp,2010-2023,14,0.603516483516483,-0.002631140559092597,-0.004966757163045215,0.050924435844911,0.021865692458635084
FULL_2010_2023,total_scale,FI,total_scale,OLS,pp,2010-2023,14,-0.5380219780219733,0.0040863036811046635,0.006571020819999583,0.03755985548014984,0.029323722573613
FULL_2010_2023,total_scale,FR,total_scale,OLS,pp,2010-2023,14,-0.11714285714285537,0.0037344890648070166,0.0036525804242427172,0.02002551680144257,0.016934027507231338
FULL_2010_2023,total_scale,DE,total_scale,OLS,pp,2010-2023,14,0.21274725274724973,0.012121505538975577,-0.0048621402698175165,0.023230351283504255,0.017025296874493126
FULL_2010_2023,total_scale,EL,total_scale,OLS,pp,2010-2023,14,0.3206593406593357,0.03992501896250074,0.037996656059866324,0.03809327114084792,0.0339248148748936
FULL_2010_2023,total_scale,HU,total_scale,OLS,pp,2010-2023,14,0.009450549450550178,-0.032112039254449554,-0.04606479669758258,0.005107908450925074,-0.0019859163633393767
FULL_2010_2023,total_scale,IE,total_scale,OLS,pp,2010-2023,14,-0.0021978021978023283,-0.020997438375798753,-0.031415879150391575,0.0017957482416266928,-0.02106497923717793
FULL_2010_2023,total_scale,IT,total_scale,OLS,pp,2010-2023,14,0.7171428571428538,0.021576315101799606,0.022479119003767575,0.021686386708837824,0.01942142271267748
FULL_2010_2023,total_scale,LV,total_scale,OLS,pp,2010-2023,14,0.2523076923076921,-0.024743616831730045,-0.01605715513261494,0.007214746425316193,0.009456383603685416
FULL_2010_2023,total_scale,LT,total_scale,OLS,pp,2010-2023,14,0.03824175824175798,-0.033511905042040276,-0.02551909180688699,0.0069553460086364495,0.017361410806585657
FULL_2010_2023,total_scale,LU,total_scale,OLS,pp,2010-2023,14,-0.8375824175824199,-0.024119211352719445,0.006086564037585335,0.02903476743157524,0.014321871313306618
FULL_2010_2023,total_scale,MT,total_scale,OLS,pp,2010-2023,14,1.3257142857142679,-0.047398775631807624,-0.02387848533936553,0.030666212391517105,0.0048453509013335365
FULL_2010_2023,total_scale,NL,total_scale,OLS,pp,2010-2023,14,0.45054945054944767,0.020594664899140816,-0.0018155159454131208,0.024727187957164744,0.013410232633986054
FULL_2010_2023,total_scale,PL,total_scale,OLS,pp,2010-2023,14,-0.36395604395603964,0.0007175195418592251,0.0024770744043532164,0.00609599995064529,0.00784975002414566
FULL_2010_2023,total_scale,PT,total_scale,OLS,pp,2010-2023,14,0.08813186813186737,0.006115084910293242,0.004822452553446007,0.01635669100402901,0.013869168348094745
FULL_2010_2023,total_scale,RO,total_scale,OLS,pp,2010-2023,14,-0.12659340659340632,-0.04728937259525959,-0.04838578050766825,0.011628347455813176,-0.007288658116186024
FULL_2010_2023,total_scale,SK,total_scale,OLS,pp,2010-2023,14,0.5760439560439484,0.0071201194641410896,-0.007706594488850024,0.014859740641068665,0.0023451555060953404
FULL_2010_2023,total_scale,SI,total_scale,OLS,pp,2010-2023,14,0.1591208791208812,-0.0053723535459626265,-0.0021367380830225845,0.01849890794005573,0.009821046655823097
FULL_2010_2023,total_scale,ES,total_scale,OLS,pp,2010-2023,14,-0.05252747252747259,0.009806864148577532,0.007645022037353019,0.019382188746343655,0.010627045195753438
FULL_2010_2023,total_scale,SE,total_scale,OLS,pp,2010-2023,14,0.2116483516483485,-0.01538466144726013,-0.006320073139367576,0.024586456052281394,0.02610463548711804
EARLY_2010_2016,primary,AT,primary_common_pc,OLS,pp,2010-2016,7,0.9249999999999999,0.013807524020188509,0.009501191041454589,0.018671442171694298,0.027695309321398975
EARLY_2010_2016,primary,BE,primary_common_pc,OLS,pp,2010-2016,7,0.7607142857142734,0.016798535137933366,0.0008500488682849596,0.023945513152748905,0.027542810498436574
EARLY_2010_2016,primary,BG,primary_common_pc,OLS,pp,2010-2016,7,0.36071428571429476,-0.03575788188205773,-0.032609884962587675,-0.003226589656094937,0.012941222756645956
EARLY_2010_2016,primary,HR,primary_common_pc,OLS,pp,2010-2016,7,0.5249999999999907,0.007409384904032175,0.0009873446305497988,0.017455617578471243,0.026044137459767865
EARLY_2010_2016,primary,CY,primary_common_pc,OLS,pp,2010-2016,7,0.08571428571428824,0.12189757287894845,0.12448161848231509,0.021218111297046597,0.053527465999323336
EARLY_2010_2016,primary,CZ,primary_common_pc,OLS,pp,2010-2016,7,0.36071428571428854,0.006690320221123861,-0.004842432714876523,0.018113289332663395,0.0260771950218033
EARLY_2010_2016,primary,DK,primary_common_pc,OLS,pp,2010-2016,7,0.16428571428571093,-0.00898986075395552,-0.024092271314241267,0.04286985100138148,0.024156369469584424
EARLY_2010_2016,primary,EE,primary_common_pc,OLS,pp,2010-2016,7,-0.19285714285715605,-0.008847426451106406,-0.003549792639598433,0.016270443675173774,-0.01491493161570085
EARLY_2010_2016,primary,FI,primary_common_pc,OLS,pp,2010-2016,7,-1.3214285714285712,0.027153071795514936,0.0237998502117994,0.04981160290291318,0.04060244726695751
EARLY_2010_2016,primary,FR,primary_common_pc,OLS,pp,2010-2016,7,0.3964285714285735,0.019739425451585167,0.016093277821717433,0.022571341025710283,0.028114268982251965
EARLY_2010_2016,primary,DE,primary_common_pc,OLS,pp,2010-2016,7,0.15000000000000163,0.0020441069665336985,0.005345333784642352,0.007805556484846766,0.02035134777526065
EARLY_2010_2016,primary,EL,primary_common_pc,OLS,pp,2010-2016,7,-0.07499999999999389,0.042439987512316125,0.05148723992992465,0.038632866109114955,0.0567841516968262
EARLY_2010_2016,primary,HU,primary_common_pc,OLS,pp,2010-2016,7,0.1142857142857221,-0.05610352203067414,-0.07318436098377754,0.0066546849278297186,0.02057310040552631
EARLY_2010_2016,primary,IE,primary_common_pc,OLS,pp,2010-2016,7,0.014285714285710883,0.0008303725957128176,-0.005043330155391891,0.002300450016790479,-0.01449541165787658
EARLY_2010_2016,primary,IT,primary_common_pc,OLS,pp,2010-2016,7,1.0892857142857186,0.0672892139842658,0.04880594041283686,0.03481047256134841,0.047696375991689945
EARLY_2010_2016,primary,LV,primary_common_pc,OLS,pp,2010-2016,7,0.8928571428571437,-0.03469480231560111,-0.04569481638830732,0.002301577983485965,0.0010963021190240165
EARLY_2010_2016,primary,LT,primary_common_pc,OLS,pp,2010-2016,7,0.10714285714285486,-0.03576842385780816,-0.04220057377437952,-0.003312854973053172,0.029892523040289772
EARLY_2010_2016,primary,LU,primary_common_pc,OLS,pp,2010-2016,7,-2.7107142857142623,-0.014239688054598553,0.024418478000517874,0.056357161101869425,0.031135943512770544
EARLY_2010_2016,primary,MT,primary_common_pc,OLS,pp,2010-2016,7,-0.02142857142856283,-0.10025895046115096,0.009358696086821001,0.09948097380929997,0.0683390152292528
EARLY_2010_2016,primary,NL,primary_common_pc,OLS,pp,2010-2016,7,0.7607142857143038,0.03609856074169184,0.023578420537771292,0.018022596089703375,0.02128099055195358
EARLY_2010_2016,primary,PL,primary_common_pc,OLS,pp,2010-2016,7,0.19642857142856696,0.014694392315898225,0.01685012333949882,0.008492308851858083,0.02106501420115823
EARLY_2010_2016,primary,PT,primary_common_pc,OLS,pp,2010-2016,7,0.07142857142857388,0.03615330713510629,0.03204961533342028,0.002515969886769573,0.032724045014188324
EARLY_2010_2016,primary,RO,primary_common_pc,OLS,pp,2010-2016,7,-0.2678571428571363,-0.06917792840088954,-0.06661143185810481,0.015275889045340054,0.019175245784382542
EARLY_2010_2016,primary,SK,primary_common_pc,OLS,pp,2010-2016,7,0.07142857142857365,0.011024758842726103,-0.010120902006588241,0.02138609451357539,0.025105441502097953
EARLY_2010_2016,primary,SI,primary_common_pc,OLS,pp,2010-2016,7,0.3392857142857109,0.02827505911034018,0.025422955902257554,0.028466907876836006,0.03871342149675815
EARLY_2010_2016,primary,ES,primary_common_pc,OLS,pp,2010-2016,7,-0.4607142857142742,0.060106653067576676,0.05720734977669254,0.018271512141259317,0.03401795239375433
EARLY_2010_2016,primary,SE,primary_common_pc,OLS,pp,2010-2016,7,-0.1607142857142841,-0.007141775523030207,-0.007824843181531848,0.03951382419023728,0.03349140698369337
EARLY_2010_2016,published_pc,AT,published_pc,OLS,pp,2010-2016,7,0.9249999999999999,0.013811313818833021,0.00950068254050416,0.01822437414810898,0.027695306498829335
EARLY_2010_2016,published_pc,BE,published_pc,OLS,pp,2010-2016,7,0.7607142857142734,0.016792169849110316,0.0008501673388912072,0.02414908163072921,0.02754281288085623
EARLY_2010_2016,published_pc,BG,published_pc,OLS,pp,2010-2016,7,0.36071428571429476,-0.03575266766482526,-0.03260779707189274,-0.0018348692059165707,0.012941217472900106
EARLY_2010_2016,published_pc,HR,published_pc,OLS,pp,2010-2016,7,0.5249999999999907,0.007401059738832982,0.0009934120098186174,0.018930751607846213,0.02604414432036182
EARLY_2010_2016,published_pc,CY,published_pc,OLS,pp,2010-2016,7,0.08571428571428824,0.12190089810087307,0.12448094844532598,0.022103438800772684,0.05352746766737721
EARLY_2010_2016,published_pc,CZ,published_pc,OLS,pp,2010-2016,7,0.36071428571428854,0.006684789103463326,-0.0048404293684973345,0.017936142293402235,0.026077201118101887
EARLY_2010_2016,published_pc,DK,published_pc,OLS,pp,2010-2016,7,0.16428571428571093,-0.00898565089171683,-0.024091126437672056,0.043510362017684115,0.024156367938010074
EARLY_2010_2016,published_pc,EE,published_pc,OLS,pp,2010-2016,7,-0.19285714285715605,-0.008848808920601293,-0.003547314291440783,0.016774301425634863,-0.014871535628475919
EARLY_2010_2016,published_pc,FI,published_pc,OLS,pp,2010-2016,7,-1.3214285714285712,0.027153015714730236,0.023799325309193067,0.04861021679491903,0.04060245429994579
EARLY_2010_2016,published_pc,FR,published_pc,OLS,pp,2010-2016,7,0.3964285714285735,0.019751814231744318,0.01609531073649086,0.02189295207393273,0.028114272319418595
EARLY_2010_2016,published_pc,DE,published_pc,OLS,pp,2010-2016,7,0.15000000000000163,0.002041655353621499,0.005346363851707431,0.007679816122073392,0.02035134690916887
EARLY_2010_2016,published_pc,EL,published_pc,OLS,pp,2010-2016,7,-0.07499999999999389,0.04243995841629247,0.05149082354007328,0.03890274327539992,0.0577385049807665
EARLY_2010_2016,published_pc,HU,published_pc,OLS,pp,2010-2016,7,0.1142857142857221,-0.05610329971628806,-0.07318202413461539,0.005525508727889526,0.020573099371364197
EARLY_2010_2016,published_pc,IE,published_pc,OLS,pp,2010-2016,7,0.014285714285710883,0.0008277730260811502,-0.005045613112393505,0.001849828670577675,-0.01449540362644953
EARLY_2010_2016,published_pc,IT,published_pc,OLS,pp,2010-2016,7,1.0892857142857186,0.06729292579730141,0.04881432332768617,0.035007499712019545,0.047696381251214254
EARLY_2010_2016,published_pc,LV,published_pc,OLS,pp,2010-2016,7,0.8928571428571437,-0.03469570156444784,-0.04569311911332103,0.0025613809460112032,0.0010963071998564553
EARLY_2010_2016,published_pc,LT,published_pc,OLS,pp,2010-2016,7,0.10714285714285486,-0.035773575051131615,-0.042204100027042855,-0.004810926483358045,0.029892519942484184
EARLY_2010_2016,published_pc,LU,published_pc,OLS,pp,2010-2016,7,-2.7107142857142623,-0.01424046616664807,0.024416770160262554,0.05627837836177198,0.031135947410812045
EARLY_2010_2016,published_pc,MT,published_pc,OLS,pp,2010-2016,7,-0.02142857142856283,-0.10025600620345279,0.009355912248802714,0.09190650024709186,0.06833902349251127
EARLY_2010_2016,published_pc,NL,published_pc,OLS,pp,2010-2016,7,0.7607142857143038,0.03609790143347524,0.023584297537264508,0.016908397154839327,0.021280992893685527
EARLY_2010_2016,published_pc,PL,published_pc,OLS,pp,2010-2016,7,0.19642857142856696,0.01469176697627081,0.016848001122750172,0.008934193085417803,0.02106500885098746
EARLY_2010_2016,published_pc,PT,published_pc,OLS,pp,2010-2016,7,0.07142857142857388,0.03616292470539862,0.032048648676410836,0.0028217777968632656,0.03272403825587711
EARLY_2010_2016,published_pc,RO,published_pc,OLS,pp,2010-2016,7,-0.2678571428571363,-0.0691771111348808,-0.06661249253822091,0.015444186543795877,0.01917524047455162
EARLY_2010_2016,published_pc,SK,published_pc,OLS,pp,2010-2016,7,0.07142857142857365,0.011028708639047194,-0.010122568519231654,0.020680645978445454,0.025105431252248792
EARLY_2010_2016,published_pc,SI,published_pc,OLS,pp,2010-2016,7,0.3392857142857109,0.02827172335177284,0.02542169470325626,0.029089259772770888,0.03871342325617522
EARLY_2010_2016,published_pc,ES,published_pc,OLS,pp,2010-2016,7,-0.4607142857142742,0.06009394837390941,0.05721166418519455,0.018113920818455236,0.03401795583292211
EARLY_2010_2016,published_pc,SE,published_pc,OLS,pp,2010-2016,7,-0.1607142857142841,-0.00713750724567548,-0.007825849370337487,0.03881727544570086,0.03349140208307501
EARLY_2010_2016,common_log_CMUR,AT,primary_common_pc,OLS,log,2010-2016,7,0.1026180033881966,0.013807524020188509,0.009501191041454589,0.018671442171694298,0.027695309321398975
EARLY_2010_2016,common_log_CMUR,BE,primary_common_pc,OLS,log,2010-2016,7,0.047979554690239866,0.016798535137933366,0.0008500488682849596,0.023945513152748905,0.027542810498436574
EARLY_2010_2016,common_log_CMUR,BG,primary_common_pc,OLS,log,2010-2016,7,0.1300974655427367,-0.03575788188205773,-0.032609884962587675,-0.003226589656094937,0.012941222756645956
EARLY_2010_2016,common_log_CMUR,HR,primary_common_pc,OLS,log,2010-2016,7,0.17089950373030818,0.007409384904032175,0.0009873446305497988,0.017455617578471243,0.026044137459767865
EARLY_2010_2016,common_log_CMUR,CY,primary_common_pc,OLS,log,2010-2016,7,0.03962516259104399,0.12189757287894845,0.12448161848231509,0.021218111297046597,0.053527465999323336
EARLY_2010_2016,common_log_CMUR,CZ,primary_common_pc,OLS,log,2010-2016,7,0.05743594624296848,0.006690320221123861,-0.004842432714876523,0.018113289332663395,0.0260771950218033
EARLY_2010_2016,common_log_CMUR,DK,primary_common_pc,OLS,log,2010-2016,7,0.02163085337543559,-0.00898986075395552,-0.024092271314241267,0.04286985100138148,0.024156369469584424
EARLY_2010_2016,common_log_CMUR,EE,primary_common_pc,OLS,log,2010-2016,7,-0.006187024036565447,-0.008847426451106406,-0.003549792639598433,0.016270443675173774,-0.01491493161570085
EARLY_2010_2016,common_log_CMUR,FI,primary_common_pc,OLS,log,2010-2016,7,-0.1825281966997401,0.027153071795514936,0.0237998502117994,0.04981160290291318,0.04060244726695751
EARLY_2010_2016,common_log_CMUR,FR,primary_common_pc,OLS,log,2010-2016,7,0.02159109208317978,0.019739425451585167,0.016093277821717433,0.022571341025710283,0.028114268982251965
EARLY_2010_2016,common_log_CMUR,DE,primary_common_pc,OLS,log,2010-2016,7,0.013287337370920357,0.0020441069665336985,0.005345333784642352,0.007805556484846766,0.02035134777526065
EARLY_2010_2016,common_log_CMUR,EL,primary_common_pc,OLS,log,2010-2016,7,-0.03782869975658995,0.042439987512316125,0.05148723992992465,0.038632866109114955,0.0567841516968262
EARLY_2010_2016,common_log_CMUR,HU,primary_common_pc,OLS,log,2010-2016,7,0.01999124347503307,-0.05610352203067414,-0.07318436098377754,0.0066546849278297186,0.02057310040552631
EARLY_2010_2016,common_log_CMUR,IE,primary_common_pc,OLS,log,2010-2016,7,0.007408690217310474,0.0008303725957128176,-0.005043330155391891,0.002300450016790479,-0.01449541165787658
EARLY_2010_2016,common_log_CMUR,IT,primary_common_pc,OLS,log,2010-2016,7,0.07740805768127103,0.0672892139842658,0.04880594041283686,0.03481047256134841,0.047696375991689945
EARLY_2010_2016,common_log_CMUR,LV,primary_common_pc,OLS,log,2010-2016,7,0.275913535712041,-0.03469480231560111,-0.04569481638830732,0.002301577983485965,0.0010963021190240165
EARLY_2010_2016,common_log_CMUR,LT,primary_common_pc,OLS,log,2010-2016,7,0.026024187874734147,-0.03576842385780816,-0.04220057377437952,-0.003312854973053172,0.029892523040289772
EARLY_2010_2016,common_log_CMUR,LU,primary_common_pc,OLS,log,2010-2016,7,-0.19615646159514408,-0.014239688054598553,0.024418478000517874,0.056357161101869425,0.031135943512770544
EARLY_2010_2016,common_log_CMUR,MT,primary_common_pc,OLS,log,2010-2016,7,-0.005663844112094238,-0.10025895046115096,0.009358696086821001,0.09948097380929997,0.0683390152292528
EARLY_2010_2016,common_log_CMUR,NL,primary_common_pc,OLS,log,2010-2016,7,0.02845464643485401,0.03609856074169184,0.023578420537771292,0.018022596089703375,0.02128099055195358
EARLY_2010_2016,common_log_CMUR,PL,primary_common_pc,OLS,log,2010-2016,7,0.017872792312335937,0.014694392315898225,0.01685012333949882,0.008492308851858083,0.02106501420115823
EARLY_2010_2016,common_log_CMUR,PT,primary_common_pc,OLS,log,2010-2016,7,0.03549631965894748,0.03615330713510629,0.03204961533342028,0.002515969886769573,0.032724045014188324
EARLY_2010_2016,common_log_CMUR,RO,primary_common_pc,OLS,log,2010-2016,7,-0.11254654336505539,-0.06917792840088954,-0.06661143185810481,0.015275889045340054,0.019175245784382542
EARLY_2010_2016,common_log_CMUR,SK,primary_common_pc,OLS,log,2010-2016,7,0.01513337513178536,0.011024758842726103,-0.010120902006588241,0.02138609451357539,0.025105441502097953
EARLY_2010_2016,common_log_CMUR,SI,primary_common_pc,OLS,log,2010-2016,7,0.0468463003714729,0.02827505911034018,0.025422955902257554,0.028466907876836006,0.03871342149675815
EARLY_2010_2016,common_log_CMUR,ES,primary_common_pc,OLS,log,2010-2016,7,-0.05120294806113506,0.060106653067576676,0.05720734977669254,0.018271512141259317,0.03401795239375433
EARLY_2010_2016,common_log_CMUR,SE,primary_common_pc,OLS,log,2010-2016,7,-0.02241415889113173,-0.007141775523030207,-0.007824843181531848,0.03951382419023728,0.03349140698369337
EARLY_2010_2016,Theil_Sen,AT,primary_common_pc,THEIL_SEN,pp,2010-2016,7,1.0,0.012048682441333058,0.00923926701116642,0.019371951951358213,0.02659617764852107
EARLY_2010_2016,Theil_Sen,BE,primary_common_pc,THEIL_SEN,pp,2010-2016,7,0.72,0.012379770229398845,-0.002728252397544484,0.016957787676663116,0.028474699091331157
EARLY_2010_2016,Theil_Sen,BG,primary_common_pc,THEIL_SEN,pp,2010-2016,7,0.35,-0.037304218969411496,-0.030593628430820363,-0.006874531693665253,0.01184300733341448
EARLY_2010_2016,Theil_Sen,HR,primary_common_pc,THEIL_SEN,pp,2010-2016,7,0.5499999999999999,0.005766807596571999,0.0017717248849822287,0.01996270506725577,0.02860957715551904
EARLY_2010_2016,Theil_Sen,CY,primary_common_pc,THEIL_SEN,pp,2010-2016,7,0.09999999999999998,0.10998115047570725,0.10727009011474191,0.018338742691431948,0.05267578681738083
EARLY_2010_2016,Theil_Sen,CZ,primary_common_pc,THEIL_SEN,pp,2010-2016,7,0.3666666666666667,0.004359025610459237,-0.0038959590862273075,0.022131777417113696,0.023776970536724118
EARLY_2010_2016,Theil_Sen,DK,primary_common_pc,THEIL_SEN,pp,2010-2016,7,0.15999999999999998,-0.01070828240101207,-0.02756724300388269,0.04512895347770144,0.02441479977681264
EARLY_2010_2016,Theil_Sen,EE,primary_common_pc,THEIL_SEN,pp,2010-2016,7,0.09999999999999964,-0.005623885846924637,-0.004056695006308342,0.014008859714321175,-0.014165266989448977
EARLY_2010_2016,Theil_Sen,FI,primary_common_pc,THEIL_SEN,pp,2010-2016,7,-1.225,0.025045768931208467,0.024720689595889283,0.05295559498046831,0.04509523859972431
EARLY_2010_2016,Theil_Sen,FR,primary_common_pc,THEIL_SEN,pp,2010-2016,7,0.5,0.018555581291533303,0.01788954485295724,0.021700619744528266,0.02826604577257861
EARLY_2010_2016,Theil_Sen,DE,primary_common_pc,THEIL_SEN,pp,2010-2016,7,0.19999999999999987,0.006207471286904909,0.0042525618092283946,0.00738393749291566,0.022440950246915243
EARLY_2010_2016,Theil_Sen,EL,primary_common_pc,THEIL_SEN,pp,2010-2016,7,-0.10000000000000009,0.04659009770933098,0.0493860579370522,0.036787311587924074,0.05770958675254434
EARLY_2010_2016,Theil_Sen,HU,primary_common_pc,THEIL_SEN,pp,2010-2016,7,0.1,-0.05232882086319561,-0.06815929643102984,0.006573420681490527,0.019392443738374343
EARLY_2010_2016,Theil_Sen,IE,primary_common_pc,THEIL_SEN,pp,2010-2016,7,0.0,-0.012109732755790747,-0.005193701931942203,0.003887195360458451,-0.009678130537465357
EARLY_2010_2016,Theil_Sen,IT,primary_common_pc,THEIL_SEN,pp,2010-2016,7,1.0499999999999998,0.0678891655620851,0.047744379385987745,0.0353066683489248,0.04563645938159562
EARLY_2010_2016,Theil_Sen,LV,primary_common_pc,THEIL_SEN,pp,2010-2016,7,0.8999999999999999,-0.03491556047711519,-0.04399579503298834,-2.7693192503175368e-05,0.0022829725689116342
EARLY_2010_2016,Theil_Sen,LT,primary_common_pc,THEIL_SEN,pp,2010-2016,7,0.11666666666666663,-0.03698830842006107,-0.03967467226072552,-0.00321511245930887,0.032428472935762676
EARLY_2010_2016,Theil_Sen,LU,primary_common_pc,THEIL_SEN,pp,2010-2016,7,-2.6999999999999997,-0.011461994619884397,0.023823193027139755,0.057333466516058175,0.029005671321722715
EARLY_2010_2016,Theil_Sen,MT,primary_common_pc,THEIL_SEN,pp,2010-2016,7,-0.05999999999999996,-0.09652356567915199,0.012420871632641273,0.10049037727869015,0.06348987439784064
EARLY_2010_2016,Theil_Sen,NL,primary_common_pc,THEIL_SEN,pp,2010-2016,7,0.6999999999999993,0.034587745099192414,0.018203732325932382,0.014911799484214283,0.024070310397465544
EARLY_2010_2016,Theil_Sen,PL,primary_common_pc,THEIL_SEN,pp,2010-2016,7,0.23999999999999985,0.007545220864933588,0.004416896845180762,0.011501275954761248,0.02227669662902798
EARLY_2010_2016,Theil_Sen,PT,primary_common_pc,THEIL_SEN,pp,2010-2016,7,0.06000000000000001,0.03407687158387884,0.028574228535757085,0.004730554857683329,0.029982235920221423
EARLY_2010_2016,Theil_Sen,RO,primary_common_pc,THEIL_SEN,pp,2010-2016,7,-0.26666666666666666,-0.07468066805820432,-0.07385877206389753,0.013443883563302617,0.014807649923577526
EARLY_2010_2016,Theil_Sen,SK,primary_common_pc,THEIL_SEN,pp,2010-2016,7,0.1,0.011858271546838864,-0.0062951217096149925,0.02533101183489339,0.019919779463561584
EARLY_2010_2016,Theil_Sen,SI,primary_common_pc,THEIL_SEN,pp,2010-2016,7,0.21999999999999992,0.023932243398923348,0.029812177757576386,0.03303054375036307,0.037207261468998
EARLY_2010_2016,Theil_Sen,ES,primary_common_pc,THEIL_SEN,pp,2010-2016,7,-0.5,0.05838310964140647,0.05997246852171748,0.017476917418269955,0.033593177952734976
EARLY_2010_2016,Theil_Sen,SE,primary_common_pc,THEIL_SEN,pp,2010-2016,7,-0.13999999999999985,-0.007323113758122002,-0.008777193705956124,0.03912517781676328,0.034561792498985076
EARLY_2010_2016,total_scale,AT,total_scale,OLS,pp,2010-2016,7,0.9249999999999999,0.006534075942176773,0.002227742963442897,0.011397994093681965,0.020421861243387133
EARLY_2010_2016,total_scale,BE,total_scale,OLS,pp,2010-2016,7,0.7607142857142734,0.010758687133579015,-0.005189799136068238,0.01790566514839433,0.021502962494082338
EARLY_2010_2016,total_scale,BG,total_scale,OLS,pp,2010-2016,7,0.36071428571429476,-0.02345099109671931,-0.020302994177249123,0.009080301129243486,0.0252481135419846
EARLY_2010_2016,total_scale,HR,total_scale,OLS,pp,2010-2016,7,0.5249999999999907,0.015029515270214278,0.008607474996732594,0.02507574794465425,0.033664267825950535
EARLY_2010_2016,total_scale,CY,total_scale,OLS,pp,2010-2016,7,0.08571428571428824,0.11636790909394504,0.11895195469731157,0.015688447512042455,0.047997802214319235
EARLY_2010_2016,total_scale,CZ,total_scale,OLS,pp,2010-2016,7,0.36071428571428854,0.005365446851099135,-0.006167306084901159,0.016788415962639264,0.0247523216517786
EARLY_2010_2016,total_scale,DK,total_scale,OLS,pp,2010-2016,7,0.16428571428571093,-0.014180432118990892,-0.02928284267927573,0.03767927963634634,0.018965798104548695
EARLY_2010_2016,total_scale,EE,total_scale,OLS,pp,2010-2016,7,-0.19285714285715605,-0.00666321956063283,-0.001365585749125095,0.018454650565647428,-0.012730724725226494
EARLY_2010_2016,total_scale,FI,total_scale,OLS,pp,2010-2016,7,-1.3214285714285712,0.023037139269837404,0.01968391768612285,0.04569567037723577,0.036486514741279924
EARLY_2010_2016,total_scale,FR,total_scale,OLS,pp,2010-2016,7,0.3964285714285735,0.014620804215217819,0.010974656585350932,0.01745271978934301,0.022995647745885178
EARLY_2010_2016,total_scale,DE,total_scale,OLS,pp,2010-2016,7,0.15000000000000163,-0.0001938678174431303,0.003107359000664832,0.005567581700869882,0.018113372991283537
EARLY_2010_2016,total_scale,EL,total_scale,OLS,pp,2010-2016,7,-0.07499999999999389,0.049121869549823255,0.05816912196743245,0.045314748146621425,0.06346603373433297
EARLY_2010_2016,total_scale,HU,total_scale,OLS,pp,2010-2016,7,0.1142857142857221,-0.05192485131916994,-0.06900569027227217,0.010833355639333627,0.024751771117030537
EARLY_2010_2016,total_scale,IE,total_scale,OLS,pp,2010-2016,7,0.014285714285710883,-0.006151296203130882,-0.012024998954233703,-0.004681218782051344,-0.02147708045671873
EARLY_2010_2016,total_scale,IT,total_scale,OLS,pp,2010-2016,7,1.0892857142857186,0.06644307875676786,0.0479598051853396,0.03396433733385097,0.04685024076419311
EARLY_2010_2016,total_scale,LV,total_scale,OLS,pp,2010-2016,7,0.8928571428571437,-0.02377496180872129,-0.034774975881427694,0.01322141849036598,0.01201614262590331
EARLY_2010_2016,total_scale,LT,total_scale,OLS,pp,2010-2016,7,0.10714285714285486,-0.024435754748358234,-0.03086790466492974,0.008019814136395357,0.04122519214973902
EARLY_2010_2016,total_scale,LU,total_scale,OLS,pp,2010-2016,7,-2.7107142857142623,-0.03743622827792713,0.0012219377771895263,0.03316062087854039,0.007939403289442704
EARLY_2010_2016,total_scale,MT,total_scale,OLS,pp,2010-2016,7,-0.02142857142856283,-0.11589672950311528,-0.006279082955142869,0.08384319476733663,0.0527012361872891
EARLY_2010_2016,total_scale,NL,total_scale,OLS,pp,2010-2016,7,0.7607142857143038,0.03217352774116956,0.019653387537247775,0.014097563089179926,0.017355957551429567
EARLY_2010_2016,total_scale,PL,total_scale,OLS,pp,2010-2016,7,0.19642857142856696,0.015091993969981142,0.01724772499358187,0.008889910505941926,0.0214626158552417
EARLY_2010_2016,total_scale,PT,total_scale,OLS,pp,2010-2016,7,0.07142857142857388,0.04000691415337149,0.035903222351684444,0.006369576905035107,0.036577652032454756
EARLY_2010_2016,total_scale,RO,total_scale,OLS,pp,2010-2016,7,-0.2678571428571363,-0.0648035986298565,-0.06223710208707088,0.01965021881637431,0.023549575555416775
EARLY_2010_2016,total_scale,SK,total_scale,OLS,pp,2010-2016,7,0.07142857142857365,0.00983665683045155,-0.01130900401886241,0.020197992501300156,0.023917339489823903
EARLY_2010_2016,total_scale,SI,total_scale,OLS,pp,2010-2016,7,0.3392857142857109,0.02696315425018383,0.024111051042101973,0.027155003016680473,0.03740151663660189
EARLY_2010_2016,total_scale,ES,total_scale,OLS,pp,2010-2016,7,-0.4607142857142742,0.061110751133068464,0.058211447842184995,0.01927561020675013,0.03502205045924613
EARLY_2010_2016,total_scale,SE,total_scale,OLS,pp,2010-2016,7,-0.1607142857142841,-0.016448315676991412,-0.017131383335491624,0.03020728403627596,0.024184866829732244
LATE_2017_2023,primary,AT,primary_common_pc,OLS,pp,2017-2023,7,0.25357142857144127,0.007405674507822267,0.0029921520752664785,0.03277719822656261,0.010911678766098014
LATE_2017_2023,primary,BE,primary_common_pc,OLS,pp,2017-2023,7,0.1392857142856917,0.005504402215691393,0.04647623083747648,0.03586035067448939,0.025821400894858175
LATE_2017_2023,primary,BG,primary_common_pc,OLS,pp,2017-2023,7,0.214285714285694,-0.02763760160406391,-0.04569768514644378,0.01625785863286735,-0.022200116861762657
LATE_2017_2023,primary,HR,primary_common_pc,OLS,pp,2017-2023,7,0.2607142857142874,-0.03184929285814997,-0.0020416670343136067,-0.005726088346948607,-0.02945183546296342
LATE_2017_2023,primary,CY,primary_common_pc,OLS,pp,2017-2023,7,0.8071428571428721,-0.013383387521795652,-0.015115008023278623,0.01793599304657249,0.01648919111779135
LATE_2017_2023,primary,CZ,primary_common_pc,OLS,pp,2017-2023,7,0.5535714285714307,0.015175257538877383,0.016458570717065486,0.03520492324405347,0.01525155959570842
LATE_2017_2023,primary,DK,primary_common_pc,OLS,pp,2017-2023,7,0.25714285714286805,0.007608048107072346,0.0032748055146629954,0.04394141077809218,0.027764453293123277
LATE_2017_2023,primary,EE,primary_common_pc,OLS,pp,2017-2023,7,1.5964285714285786,0.042475552031262395,0.0442713248471489,0.10412120524298311,0.06551430547850874
LATE_2017_2023,primary,FI,primary_common_pc,OLS,pp,2017-2023,7,-0.10000000000000644,0.001911936679780856,0.005790721330351009,0.05147382867779695,0.04892865022330486
LATE_2017_2023,primary,FR,primary_common_pc,OLS,pp,2017-2023,7,-0.48571428571424624,0.011942861443013974,0.021530708356363358,0.03451901214040144,0.022940392456991997
LATE_2017_2023,primary,DE,primary_common_pc,OLS,pp,2017-2023,7,0.3285714285714277,0.030289320665740773,-0.002505711510557235,0.041758830840595354,0.02409055729507398
LATE_2017_2023,primary,EL,primary_common_pc,OLS,pp,2017-2023,7,0.5928571428571477,0.02947635068960008,0.0232825504234025,0.04298047486694868,0.018070227840950612
LATE_2017_2023,primary,HU,primary_common_pc,OLS,pp,2017-2023,7,-0.14999999999998634,0.021323427363351386,0.0015841182085902842,0.024961027758396634,-0.0061464398786079
LATE_2017_2023,primary,IE,primary_common_pc,OLS,pp,2017-2023,7,0.042857142857144974,0.011651383323302681,-0.003402150804179277,0.03114344656505426,0.042010778281483044
LATE_2017_2023,primary,IT,primary_common_pc,OLS,pp,2017-2023,7,0.5000000000000034,-0.006632671155292835,0.004499059071201591,0.013944046600735208,0.0009211612462011224
LATE_2017_2023,primary,LV,primary_common_pc,OLS,pp,2017-2023,7,0.032142857142855405,-0.01716655760034209,0.004321857478202613,0.01183330778229837,0.0009471703204901561
LATE_2017_2023,primary,LT,primary_common_pc,OLS,pp,2017-2023,7,-0.04642857142856789,-0.02614483928234902,-0.009193411333649669,0.016321646249141845,0.009770733683091424
LATE_2017_2023,primary,LU,primary_common_pc,OLS,pp,2017-2023,7,0.017857142857177922,0.013319374295427637,0.020687194375417058,0.07100114107107833,0.042043334162062816
LATE_2017_2023,primary,MT,primary_common_pc,OLS,pp,2017-2023,7,2.4678571428571243,0.0171165662123953,0.02171503887929244,0.005486496545593817,-0.02266441229388954
LATE_2017_2023,primary,NL,primary_common_pc,OLS,pp,2017-2023,7,0.5250000000000097,0.03411546346203761,-0.0018410189220277365,0.05625491564980315,0.03381118449342473
LATE_2017_2023,primary,PL,primary_common_pc,OLS,pp,2017-2023,7,-0.6285714285714215,0.0032555961350472285,0.012116567770371582,0.01398172364951281,0.006446850441273002
LATE_2017_2023,primary,PT,primary_common_pc,OLS,pp,2017-2023,7,0.20714285714285935,0.017968771016895355,0.02244764165996028,0.058367239095737294,0.03383427477528997
LATE_2017_2023,primary,RO,primary_common_pc,OLS,pp,2017-2023,7,-0.03571428571428338,-0.048911203017876576,-0.0502297240850841,0.014389619321942689,-0.019102406896855533
LATE_2017_2023,primary,SK,primary_common_pc,OLS,pp,2017-2023,7,1.1714285714285482,0.027428387586045173,-0.0024124908867205782,0.026292144607502156,-0.0011992899905680647
LATE_2017_2023,primary,SI,primary_common_pc,OLS,pp,2017-2023,7,-0.17142857142857904,-0.017072301330660296,-0.01177413612027543,0.03498511857607845,0.00878625842120919
LATE_2017_2023,primary,ES,primary_common_pc,OLS,pp,2017-2023,7,-0.02857142857142791,0.004673384363481103,0.01136433150122258,0.03962451133067741,0.010981736608086762
LATE_2017_2023,primary,SE,primary_common_pc,OLS,pp,2017-2023,7,0.8678571428571678,0.011391935732577678,0.018718985562461352,0.036442242553281344,0.04932797833736806
LATE_2017_2023,published_pc,AT,published_pc,OLS,pp,2017-2023,7,0.25357142857144127,0.007400070516042283,0.0029983771817323535,0.033324729477822314,0.010911677592733121
LATE_2017_2023,published_pc,BE,published_pc,OLS,pp,2017-2023,7,0.1392857142856917,0.005504959146771051,0.04647609777206983,0.03551516390023618,0.025821391920170703
LATE_2017_2023,published_pc,BG,published_pc,OLS,pp,2017-2023,7,0.214285714285694,-0.027635053194874363,-0.04569909682688128,0.015565552260396347,-0.022200121865695435
LATE_2017_2023,published_pc,HR,published_pc,OLS,pp,2017-2023,7,0.2607142857142874,-0.03184190442776292,-0.002040003117879913,-0.006127168914198443,-0.029451836901221492
LATE_2017_2023,published_pc,CY,published_pc,OLS,pp,2017-2023,7,0.8071428571428721,-0.013381724959374272,-0.015115628512875795,0.018089970079998418,0.016489192707785226
LATE_2017_2023,published_pc,CZ,published_pc,OLS,pp,2017-2023,7,0.5535714285714307,0.015175348217878833,0.01645903655795526,0.03616520436032198,0.015251560665857998
LATE_2017_2023,published_pc,DK,published_pc,OLS,pp,2017-2023,7,0.25714285714286805,0.007606404369075375,0.0032748349193724375,0.04367274987643094,0.0277644585793396
LATE_2017_2023,published_pc,EE,published_pc,OLS,pp,2017-2023,7,1.5964285714285786,0.04247705866780099,0.04427390190047098,0.10415704529761097,0.0655131480175805
LATE_2017_2023,published_pc,FI,published_pc,OLS,pp,2017-2023,7,-0.10000000000000644,0.0019118076686018555,0.005790063939364554,0.05136651725732371,0.04892865376853404
LATE_2017_2023,published_pc,FR,published_pc,OLS,pp,2017-2023,7,-0.48571428571424624,0.011942317238543483,0.021528772985734825,0.036608907366846785,0.022539579550373594
LATE_2017_2023,published_pc,DE,published_pc,OLS,pp,2017-2023,7,0.3285714285714277,0.030295990483609606,-0.0025066321398833843,0.04231445891362873,0.024090552470442807
LATE_2017_2023,published_pc,EL,published_pc,OLS,pp,2017-2023,7,0.5928571428571477,0.0294771739536721,0.023284239563413432,0.043256414627432266,0.0169674677453701
LATE_2017_2023,published_pc,HU,published_pc,OLS,pp,2017-2023,7,-0.14999999999998634,0.021326327782073985,0.001586014150268495,0.023395657168769967,-0.0064385734923123675
LATE_2017_2023,published_pc,IE,published_pc,OLS,pp,2017-2023,7,0.042857142857144974,0.011653166986680395,-0.003401638928642687,0.030625478183192566,0.04201077392698965
LATE_2017_2023,published_pc,IT,published_pc,OLS,pp,2017-2023,7,0.5000000000000034,-0.006636172747751714,0.0044956976082309395,0.013162040211894236,0.0009211520014772216
LATE_2017_2023,published_pc,LV,published_pc,OLS,pp,2017-2023,7,0.032142857142855405,-0.01716550733238927,0.004321907808144421,0.011040199504609084,0.0005928859507534035
LATE_2017_2023,published_pc,LT,published_pc,OLS,pp,2017-2023,7,-0.04642857142856789,-0.026144761029194906,-0.009193312755516745,0.017268608586288182,0.009770731399869302
LATE_2017_2023,published_pc,LU,published_pc,OLS,pp,2017-2023,7,0.017857142857177922,0.013321027891103905,0.02068808386103023,0.07177769998222076,0.04204333646120103
LATE_2017_2023,published_pc,MT,published_pc,OLS,pp,2017-2023,7,2.4678571428571243,0.01711699936324622,0.021722491854716308,0.007810398360282635,-0.022664413404744965
LATE_2017_2023,published_pc,NL,published_pc,OLS,pp,2017-2023,7,0.5250000000000097,0.034118166596166274,-0.0018317905385755958,0.05535387127508794,0.03381117634286593
LATE_2017_2023,published_pc,PL,published_pc,OLS,pp,2017-2023,7,-0.6285714285714215,0.003257091629254893,0.012118230938126317,0.013073028955916834,0.006446850983373771
LATE_2017_2023,published_pc,PT,published_pc,OLS,pp,2017-2023,7,0.20714285714285935,0.010891111523502172,0.02244954823085377,0.05054108441127275,0.027005336838587534
LATE_2017_2023,published_pc,RO,published_pc,OLS,pp,2017-2023,7,-0.03571428571428338,-0.04891255244245915,-0.05022893911639698,0.0141446462063943,-0.019107404361385288
LATE_2017_2023,published_pc,SK,published_pc,OLS,pp,2017-2023,7,1.1714285714285482,0.027435720957547143,-0.0024186780496692523,0.027170315571178483,-0.0011992828905672246
LATE_2017_2023,published_pc,SI,published_pc,OLS,pp,2017-2023,7,-0.17142857142857904,-0.01706588643565982,-0.011773142247556115,0.036708507923473965,0.00878625966495427
LATE_2017_2023,published_pc,ES,published_pc,OLS,pp,2017-2023,7,-0.02857142857142791,0.00467253667387651,0.011358356777339592,0.039570247087425736,0.010981752079438611
LATE_2017_2023,published_pc,SE,published_pc,OLS,pp,2017-2023,7,0.8678571428571678,0.011392304499434014,0.01871688138951725,0.037326865592044414,0.04932798530539155
LATE_2017_2023,common_log_CMUR,AT,primary_common_pc,OLS,log,2017-2023,7,0.019473054568739306,0.007405674507822267,0.0029921520752664785,0.03277719822656261,0.010911678766098014
LATE_2017_2023,common_log_CMUR,BE,primary_common_pc,OLS,log,2017-2023,7,0.00622646759872608,0.005504402215691393,0.04647623083747648,0.03586035067448939,0.025821400894858175
LATE_2017_2023,common_log_CMUR,BG,primary_common_pc,OLS,log,2017-2023,7,0.05767811016754539,-0.02763760160406391,-0.04569768514644378,0.01625785863286735,-0.022200116861762657
LATE_2017_2023,common_log_CMUR,HR,primary_common_pc,OLS,log,2017-2023,7,0.045500139694711436,-0.03184929285814997,-0.0020416670343136067,-0.005726088346948607,-0.02945183546296342
LATE_2017_2023,common_log_CMUR,CY,primary_common_pc,OLS,log,2017-2023,7,0.18574178398708985,-0.013383387521795652,-0.015115008023278623,0.01793599304657249,0.01648919111779135
LATE_2017_2023,common_log_CMUR,CZ,primary_common_pc,OLS,log,2017-2023,7,0.04961722665884247,0.015175257538877383,0.016458570717065486,0.03520492324405347,0.01525155959570842
LATE_2017_2023,common_log_CMUR,DK,primary_common_pc,OLS,log,2017-2023,7,0.03025729015363068,0.007608048107072346,0.0032748055146629954,0.04394141077809218,0.027764453293123277
LATE_2017_2023,common_log_CMUR,EE,primary_common_pc,OLS,log,2017-2023,7,0.09528556373751088,0.042475552031262395,0.0442713248471489,0.10412120524298311,0.06551430547850874
LATE_2017_2023,common_log_CMUR,FI,primary_common_pc,OLS,log,2017-2023,7,-0.03864931848248276,0.001911936679780856,0.005790721330351009,0.05147382867779695,0.04892865022330486
LATE_2017_2023,common_log_CMUR,FR,primary_common_pc,OLS,log,2017-2023,7,-0.027082653883747327,0.011942861443013974,0.021530708356363358,0.03451901214040144,0.022940392456991997
LATE_2017_2023,common_log_CMUR,DE,primary_common_pc,OLS,log,2017-2023,7,0.025304741558858684,0.030289320665740773,-0.002505711510557235,0.041758830840595354,0.02409055729507398
LATE_2017_2023,common_log_CMUR,EL,primary_common_pc,OLS,log,2017-2023,7,0.14731820569765722,0.02947635068960008,0.0232825504234025,0.04298047486694868,0.018070227840950612
LATE_2017_2023,common_log_CMUR,HU,primary_common_pc,OLS,log,2017-2023,7,-0.02626561912221817,0.021323427363351386,0.0015841182085902842,0.024961027758396634,-0.0061464398786079
LATE_2017_2023,common_log_CMUR,IE,primary_common_pc,OLS,log,2017-2023,7,0.021634921730098913,0.011651383323302681,-0.003402150804179277,0.03114344656505426,0.042010778281483044
LATE_2017_2023,common_log_CMUR,IT,primary_common_pc,OLS,log,2017-2023,7,0.02580577300270724,-0.006632671155292835,0.004499059071201591,0.013944046600735208,0.0009211612462011224
LATE_2017_2023,common_log_CMUR,LV,primary_common_pc,OLS,log,2017-2023,7,0.00442718405200497,-0.01716655760034209,0.004321857478202613,0.01183330778229837,0.0009471703204901561
LATE_2017_2023,common_log_CMUR,LT,primary_common_pc,OLS,log,2017-2023,7,-0.010945843008086627,-0.02614483928234902,-0.009193411333649669,0.016321646249141845,0.009770733683091424
LATE_2017_2023,common_log_CMUR,LU,primary_common_pc,OLS,log,2017-2023,7,0.0007433539871806244,0.013319374295427637,0.020687194375417058,0.07100114107107833,0.042043334162062816
LATE_2017_2023,common_log_CMUR,MT,primary_common_pc,OLS,log,2017-2023,7,0.19575063065736295,0.0171165662123953,0.02171503887929244,0.005486496545593817,-0.02266441229388954
LATE_2017_2023,common_log_CMUR,NL,primary_common_pc,OLS,log,2017-2023,7,0.01768905306861459,0.03411546346203761,-0.0018410189220277365,0.05625491564980315,0.03381118449342473
LATE_2017_2023,common_log_CMUR,PL,primary_common_pc,OLS,log,2017-2023,7,-0.07267410763886158,0.0032555961350472285,0.012116567770371582,0.01398172364951281,0.006446850441273002
LATE_2017_2023,common_log_CMUR,PT,primary_common_pc,OLS,log,2017-2023,7,0.08004221952383773,0.017968771016895355,0.02244764165996028,0.058367239095737294,0.03383427477528997
LATE_2017_2023,common_log_CMUR,RO,primary_common_pc,OLS,log,2017-2023,7,-0.021680315756071825,-0.048911203017876576,-0.0502297240850841,0.014389619321942689,-0.019102406896855533
LATE_2017_2023,common_log_CMUR,SK,primary_common_pc,OLS,log,2017-2023,7,0.15464199045197696,0.027428387586045173,-0.0024124908867205782,0.026292144607502156,-0.0011992899905680647
LATE_2017_2023,common_log_CMUR,SI,primary_common_pc,OLS,log,2017-2023,7,-0.01866720958264683,-0.017072301330660296,-0.01177413612027543,0.03498511857607845,0.00878625842120919
LATE_2017_2023,common_log_CMUR,ES,primary_common_pc,OLS,log,2017-2023,7,-0.003772303176497671,0.004673384363481103,0.01136433150122258,0.03962451133067741,0.010981736608086762
LATE_2017_2023,common_log_CMUR,SE,primary_common_pc,OLS,log,2017-2023,7,0.10137675384758774,0.011391935732577678,0.018718985562461352,0.036442242553281344,0.04932797833736806
LATE_2017_2023,Theil_Sen,AT,primary_common_pc,THEIL_SEN,pp,2017-2023,7,0.039999999999999855,0.0009736362971093371,0.009493442586464007,0.036186626324918425,0.006007938768511245
LATE_2017_2023,Theil_Sen,BE,primary_common_pc,THEIL_SEN,pp,2017-2023,7,0.25,0.005784281087323873,0.04856878549830945,0.03484578292971929,0.026806843635764355
LATE_2017_2023,Theil_Sen,BG,primary_common_pc,THEIL_SEN,pp,2017-2023,7,0.2250000000000001,-0.030481328373152428,-0.04514804823923554,0.01336817587576511,-0.0073765302311233905
LATE_2017_2023,Theil_Sen,HR,primary_common_pc,THEIL_SEN,pp,2017-2023,7,0.25,-0.03149892271682153,-0.002937972988010055,-0.0069130538155398975,-0.026039545042878576
LATE_2017_2023,Theil_Sen,CY,primary_common_pc,THEIL_SEN,pp,2017-2023,7,0.55,-0.015491727261528698,-0.014619472445987084,0.01794710743796868,0.013083880312882323
LATE_2017_2023,Theil_Sen,CZ,primary_common_pc,THEIL_SEN,pp,2017-2023,7,0.5,0.006982254606485494,0.017042918065085066,0.03448786513517965,0.009218716166333962
LATE_2017_2023,Theil_Sen,DK,primary_common_pc,THEIL_SEN,pp,2017-2023,7,0.23999999999999985,-0.0022305823402422043,-0.0007395941707919462,0.04572002163716071,0.02923623508920133
LATE_2017_2023,Theil_Sen,EE,primary_common_pc,THEIL_SEN,pp,2017-2023,7,1.3999999999999986,0.042080159405892825,0.04898597454658615,0.08939859688582807,0.06439776166482525
LATE_2017_2023,Theil_Sen,FI,primary_common_pc,THEIL_SEN,pp,2017-2023,7,0.2333333333333334,0.004063708072845507,-0.0024839666703145857,0.05102894852924537,0.04918969959763738
LATE_2017_2023,Theil_Sen,FR,primary_common_pc,THEIL_SEN,pp,2017-2023,7,-0.39999999999999947,0.012401192263557995,0.022289145925480813,0.0348884981451435,0.020191891286937436
LATE_2017_2023,Theil_Sen,DE,primary_common_pc,THEIL_SEN,pp,2017-2023,7,0.40000000000000036,0.03543033551134996,-0.0008801985622541864,0.04444095638162959,0.02116908480775459
LATE_2017_2023,Theil_Sen,EL,primary_common_pc,THEIL_SEN,pp,2017-2023,7,0.6000000000000001,0.026242167956222494,0.020927228192276992,0.04397557088309493,0.022058821334631773
LATE_2017_2023,Theil_Sen,HU,primary_common_pc,THEIL_SEN,pp,2017-2023,7,-0.19999999999999987,0.030861089647948647,-0.008870025408035609,0.021218542148026542,-0.0008979325427669327
LATE_2017_2023,Theil_Sen,IE,primary_common_pc,THEIL_SEN,pp,2017-2023,7,0.040000000000000036,0.011369608630094397,-0.009261567075666832,0.03290497851966127,0.035315903883182995
LATE_2017_2023,Theil_Sen,IT,primary_common_pc,THEIL_SEN,pp,2017-2023,7,0.47499999999999964,-0.007326599371360043,0.00036875617480018147,0.009809925155664404,0.004554268071993883
LATE_2017_2023,Theil_Sen,LV,primary_common_pc,THEIL_SEN,pp,2017-2023,7,0.08333333333333333,-0.037119911455003006,-0.011035219175961508,0.011629295972170217,0.003754756164887111
LATE_2017_2023,Theil_Sen,LT,primary_common_pc,THEIL_SEN,pp,2017-2023,7,-0.05000000000000012,-0.02642905287358932,-0.006921373321280377,0.013890824595556638,0.001542510458284685
LATE_2017_2023,Theil_Sen,LU,primary_common_pc,THEIL_SEN,pp,2017-2023,7,-0.08333333333333333,0.015566964185153687,0.018205497354559074,0.07354339350753832,0.04227982440651493
LATE_2017_2023,Theil_Sen,MT,primary_common_pc,THEIL_SEN,pp,2017-2023,7,2.633333333333333,0.02359671835486532,0.024289232021501128,0.007754157350919518,-0.024052097565296915
LATE_2017_2023,Theil_Sen,NL,primary_common_pc,THEIL_SEN,pp,2017-2023,7,0.5333333333333338,0.03774030574036136,-0.0020550598262924305,0.05696416639593105,0.032988127295359604
LATE_2017_2023,Theil_Sen,PL,primary_common_pc,THEIL_SEN,pp,2017-2023,7,-0.6000000000000005,0.0033184182904224535,0.013161747682918112,0.016877431462736903,0.00918833753301318
LATE_2017_2023,Theil_Sen,PT,primary_common_pc,THEIL_SEN,pp,2017-2023,7,0.19999999999999996,0.019247300491350632,0.025346020752680155,0.05729911485100492,0.036060460339315946
LATE_2017_2023,Theil_Sen,RO,primary_common_pc,THEIL_SEN,pp,2017-2023,7,-0.020000000000000018,-0.03916268146156572,-0.045875176242171634,0.01576029143700486,-0.01854980890772473
LATE_2017_2023,Theil_Sen,SK,primary_common_pc,THEIL_SEN,pp,2017-2023,7,1.0999999999999996,0.02453273497443371,-0.0020362153183066667,0.02679407518118408,0.002035442000407913
LATE_2017_2023,Theil_Sen,SI,primary_common_pc,THEIL_SEN,pp,2017-2023,7,-0.09999999999999964,-0.02093486678254708,-0.009665890430410032,0.03487847703137718,0.008600835453001535
LATE_2017_2023,Theil_Sen,ES,primary_common_pc,THEIL_SEN,pp,2017-2023,7,0.04999999999999982,0.009672380674340175,0.009866918222117013,0.0414019535150984,0.012956049704708539
LATE_2017_2023,Theil_Sen,SE,primary_common_pc,THEIL_SEN,pp,2017-2023,7,0.7,0.006918442789583645,0.012363975998213261,0.03547955696865938,0.047041576681414066
LATE_2017_2023,total_scale,AT,total_scale,OLS,pp,2017-2023,7,0.25357142857144127,0.0014987075755545285,-0.002914814857001751,0.026870231294294195,0.005004711833829603
LATE_2017_2023,total_scale,BE,total_scale,OLS,pp,2017-2023,7,0.1392857142856917,-0.00010812335060066369,0.04086370527118436,0.030247825108197752,0.020208875328566422
LATE_2017_2023,total_scale,BG,total_scale,OLS,pp,2017-2023,7,0.214285714285694,-0.018604874960219914,-0.03666495850259942,0.02529058527671088,-0.013167390217918164
LATE_2017_2023,total_scale,HR,total_scale,OLS,pp,2017-2023,7,0.2607142857142874,-0.02356725264357255,0.0062403731802643395,0.0025559518676284473,-0.021169795248385755
LATE_2017_2023,total_scale,CY,total_scale,OLS,pp,2017-2023,7,0.8071428571428721,-0.028480655265273682,-0.03021227576675701,0.002838725303093487,0.001391923374312142
LATE_2017_2023,total_scale,CZ,total_scale,OLS,pp,2017-2023,7,0.5535714285714307,0.012760127614444599,0.014043440792633251,0.03278979331962052,0.012836429671275875
LATE_2017_2023,total_scale,DK,total_scale,OLS,pp,2017-2023,7,0.25714285714286805,0.0026832001680448586,-0.001650042424364665,0.039016562839065135,0.02283960535409623
LATE_2017_2023,total_scale,EE,total_scale,OLS,pp,2017-2023,7,1.5964285714285786,0.036710702578708024,0.03850647539459409,0.09835635579042877,0.0597494560259541
LATE_2017_2023,total_scale,FI,total_scale,OLS,pp,2017-2023,7,-0.10000000000000644,-0.00019940620708495287,0.0036793784434852855,0.04936248579093072,0.046817307336439434
LATE_2017_2023,total_scale,FR,total_scale,OLS,pp,2017-2023,7,-0.48571428571424624,0.00791206712823855,0.017499914041587964,0.03048821782562649,0.01890959814221685
LATE_2017_2023,total_scale,DE,total_scale,OLS,pp,2017-2023,7,0.3285714285714277,0.029197159537177778,-0.003597872639120907,0.040666669712033206,0.02299839616651199
LATE_2017_2023,total_scale,EL,total_scale,OLS,pp,2017-2023,7,0.5928571428571477,0.03439030222879819,0.028196501962600005,0.04789442640614661,0.022984179380148274
LATE_2017_2023,total_scale,HU,total_scale,OLS,pp,2017-2023,7,-0.14999999999998634,0.02351384201486421,0.0037745328601028957,0.02715144240990817,-0.003956025227096026
LATE_2017_2023,total_scale,IE,total_scale,OLS,pp,2017-2023,7,0.042857142857144974,-0.003986950910194298,-0.01904048503767742,0.015505112331556771,0.02637244404798521
LATE_2017_2023,total_scale,IT,total_scale,OLS,pp,2017-2023,7,0.5000000000000034,-0.003403465331429859,0.007728264895065119,0.017173252424597874,0.00415036707006375
LATE_2017_2023,total_scale,LV,total_scale,OLS,pp,2017-2023,7,0.032142857142855405,-0.011896713407253377,0.009591701671291203,0.017103151975386602,0.006217014513578591
LATE_2017_2023,total_scale,LT,total_scale,OLS,pp,2017-2023,7,-0.04642857142856789,-0.027510368514672638,-0.01055894056597281,0.014956117016817991,0.008405204450767503
LATE_2017_2023,total_scale,LU,total_scale,OLS,pp,2017-2023,7,0.017857142857177922,-0.004842197897814837,0.0025256221821752032,0.052839568877836265,0.023881761968821136
LATE_2017_2023,total_scale,MT,total_scale,OLS,pp,2017-2023,7,2.4678571428571243,-0.008564731196172888,-0.003966258529275051,-0.020194800862973643,-0.04834570970245693
LATE_2017_2023,total_scale,NL,total_scale,OLS,pp,2017-2023,7,0.5250000000000097,0.027244692188572187,-0.008711790195491812,0.04938414437633943,0.02694041321995895
LATE_2017_2023,total_scale,PL,total_scale,OLS,pp,2017-2023,7,-0.6285714285714215,0.010091221729395162,0.01895219336471823,0.02081734924386095,0.013282476035619713
LATE_2017_2023,total_scale,PT,total_scale,OLS,pp,2017-2023,7,0.20714285714285935,0.007596105001283949,0.012074975644348155,0.04799457308012393,0.023461608759676893
LATE_2017_2023,total_scale,RO,total_scale,OLS,pp,2017-2023,7,-0.03571428571428338,-0.043949531551720336,-0.045268052618928335,0.019351290788099444,-0.014140735430699113
LATE_2017_2023,total_scale,SK,total_scale,OLS,pp,2017-2023,7,1.1714285714285482,0.027917180621907872,-0.0019236978508568416,0.026780937643364686,-0.0007104969547052736
LATE_2017_2023,total_scale,SI,total_scale,OLS,pp,2017-2023,7,-0.17142857142857904,-0.021478260407954683,-0.016180095197569834,0.030579159498783287,0.004380299343914519
LATE_2017_2023,total_scale,ES,total_scale,OLS,pp,2017-2023,7,-0.02857142857142791,-0.0011108743207356047,0.0055800728170059535,0.033840252646460824,0.005197477923869576
LATE_2017_2023,total_scale,SE,total_scale,OLS,pp,2017-2023,7,0.8678571428571678,0.0037796545173000642,0.01110670434718418,0.0288299613380045,0.04171569712209078
